first,last,pos,value,id,OBP,SLG,R,HR,RBI,SB,G,AB,H,2B,3B,CS,BB,SO,IBB,HBP,SH,SF,GIDP,age,years played,weight,height
David,Aardsma,P,-31.6301082871,aardsda01,0.0,0.0,0,0,0,0,33,1,0,0,0,0,0,1,0,0,0,0,0,34,11,220,75
Cristhian,Adames,SS,-29.2494778915,adamecr01,0.2982456140350877,0.3018867924528302,4,0,3,0,26,53,13,1,1,1,3,11,1,1,1,0,0,24,1,185,72
Matt,Adams,1B,-20.2337028925,adamsma01,0.27956989247311825,0.37714285714285717,14,5,24,1,60,175,42,9,0,0,10,41,1,0,0,1,1,27,3,260,75
Ehire,Adrianza,SS,-25.0878978232,adriaeh01,0.30303030303030304,0.26548672566371684,11,0,11,3,52,113,21,7,1,2,15,20,0,4,2,0,2,26,2,170,73
Jeremy,Affeldt,P,-31.6301082871,affelje01,0.0,0.0,0,0,0,0,52,2,0,0,0,0,0,2,0,0,0,0,0,36,13,225,76
Nick,Ahmed,SS,3.03105230546,ahmedni01,0.2753303964757709,0.3586698337292161,49,9,34,4,134,421,95,17,6,5,29,81,1,1,5,3,4,25,1,195,74
Arismendy,Alcantara,3B,-28.656391779,alcanar01,0.22580645161290322,0.07692307692307693,5,0,1,1,11,26,2,0,0,0,5,11,0,0,1,0,0,24,1,170,70
Abraham,Almonte,OF,-28.0607103074,almonab01,0.2711864406779661,0.25925925925925924,6,0,4,1,31,54,11,3,0,1,5,19,0,0,3,0,1,26,2,210,69
Yonder,Alonso,3B,1.16993159977,alonsyo01,0.36069651741293535,0.3813559322033898,50,5,31,2,103,354,100,18,1,5,42,48,3,3,0,3,13,28,5,230,73
Aaron,Altherr,OF,-13.6929955902,altheaa01,0.3375,0.48905109489051096,25,5,22,6,39,137,33,11,4,2,16,41,0,5,1,2,3,24,1,215,77
Henderson,Alvarez,P,-31.0318901387,alvarhe01,0.3333333333333333,0.5,1,0,1,0,4,6,2,1,0,0,0,1,0,0,0,0,0,25,4,205,72
Pedro,Alvarez,1B,20.6237561915,alvarpe01,0.31771894093686354,0.4691075514874142,60,27,77,2,150,437,106,18,0,0,48,131,9,2,0,4,6,28,5,250,75
Alexi,Amarista,OF,-13.1387288424,amarial01,0.2570621468926554,0.28703703703703703,28,3,30,5,118,324,66,10,4,1,24,55,4,1,3,5,6,26,4,160,66
Brett,Anderson,P,-31.0345195814,anderbr04,0.17307692307692307,0.10638297872340426,1,0,3,0,31,47,4,1,0,0,5,32,0,0,9,0,2,27,6,240,75
Chase,Anderson,P,-31.6292032193,anderch01,0.12244897959183673,0.10416666666666667,0,0,3,0,28,48,5,0,0,0,1,23,0,0,8,0,2,28,1,194,73
?,?,?,-31.6301082871,annade01,0.0,0.0,0,0,0,0,1,1,0,0,0,0,0,0,0,0,0,0,0,29,1,180,71
Nori,Aoki,OF,-3.58640554373,aokino01,0.35294117647058826,0.38028169014084506,42,5,26,14,93,355,102,12,3,5,30,25,0,6,1,0,8,33,3,180,69
Elvis,Araujo,P,-31.6301082871,araujel01,0.0,0.0,0,0,0,0,40,1,0,0,0,0,0,1,0,0,0,0,0,24,0,270,79
Nolan,Arenado,3B,51.8323391874,arenano01,0.3233082706766917,0.5746753246753247,97,42,130,2,157,616,177,43,4,5,34,110,13,4,0,11,17,24,2,205,74
Joaquin,Arias,SS,-28.0413214422,ariasjo01,0.20689655172413793,0.27586206896551724,5,1,4,1,40,58,12,1,0,0,0,12,0,0,1,0,1,31,9,165,73
Jake,Arrieta,P,-27.4274913448,arrieja01,0.1625,0.26582278481012656,5,2,2,0,33,79,12,1,1,0,1,45,0,0,3,0,1,29,5,225,76
Cody,Asche,OF,0.117003159382,ascheco01,0.29385964912280704,0.3952941176470588,41,12,39,1,129,425,104,22,3,2,26,111,3,4,0,1,4,25,2,200,73
Alec,Asher,P,-31.6264289936,asheral01,0.3333333333333333,0.5,0,0,0,0,7,6,2,1,0,0,0,3,0,0,0,0,0,24,0,230,76
Nevin,Ashley,C,-30.4398147652,ashlene01,0.14285714285714285,0.15,2,0,1,0,12,20,2,1,0,0,0,8,0,1,0,0,0,31,0,215,73
Luis,Avilan,P,-31.6301082871,avilalu01,0.0,0.0,0,0,0,0,23,1,0,0,0,0,0,0,0,0,0,0,0,26,3,220,74
Dylan,Axelrod,P,-31.6301082871,axelrdy01,0.0,0.0,0,0,0,0,6,2,0,0,0,0,0,1,0,0,1,0,0,30,4,185,72
Burke,Badenhop,P,-31.6301082871,badenbu01,0.0,0.0,0,0,0,0,68,1,0,0,0,0,0,0,0,0,0,0,0,32,7,210,77
Javier,Baez,SS,-28.6348100929,baezja01,0.325,0.40789473684210525,4,1,4,1,28,76,22,6,0,2,4,24,1,0,0,0,0,23,1,190,72
Homer,Bailey,P,-31.6301082871,baileho02,0.0,0.0,0,0,0,0,2,4,0,0,0,0,0,1,0,0,0,0,0,29,8,225,76
Jeff,Baker,OF,-23.2453158146,bakerje03,0.2875,0.375,11,3,8,0,41,72,15,3,0,0,8,25,0,0,0,0,0,34,10,220,74
Scott,Baker,P,-31.6301082871,bakersc02,0.0,0.0,0,0,0,0,2,3,0,0,0,0,0,1,0,0,1,0,0,34,10,215,76
Collin,Balester,P,-31.6301082871,balesco01,0.0,0.0,0,0,0,0,15,1,0,0,0,0,0,0,0,0,0,0,0,29,7,190,76
Manny,Banuelos,P,-31.6301082871,banuema01,0.0,0.0,0,0,0,0,7,3,0,0,0,0,0,1,0,0,4,0,0,24,0,205,70
Clint,Barmes,SS,-15.5164543644,barmecl01,0.28054298642533937,0.3526570048309179,24,3,16,0,98,207,48,14,1,1,10,55,2,4,3,0,0,36,12,200,73
Austin,Barnes,3B,-29.2494597222,barneau01,0.3611111111111111,0.27586206896551724,4,0,1,1,20,29,6,2,0,0,6,6,0,1,1,0,2,26,0,185,70
Brandon,Barnes,OF,-12.5632000357,barnebr02,0.3142857142857143,0.3411764705882353,30,2,17,4,106,255,64,13,2,2,21,67,3,3,1,1,6,29,3,210,74
Darwin,Barney,SS,-31.6301082871,barneda01,0.0,0.0,0,0,0,0,2,4,0,0,0,0,0,0,0,0,0,0,0,30,5,180,70
Tucker,Barnhart,OF,-16.1110280563,barnhtu01,0.3235294117647059,0.32644628099173556,23,3,18,0,81,242,61,9,0,1,25,45,5,2,2,3,10,24,1,190,71
Antonio,Bastardo,P,-31.6301082871,bastaan01,0.0,0.0,0,0,0,0,66,2,0,0,0,0,0,2,0,0,0,0,0,30,6,205,71
Mike,Baxter,OF,-28.0604863628,baxtemi01,0.3484848484848485,0.2631578947368421,6,0,2,0,34,57,14,1,0,0,7,14,1,2,0,0,3,31,5,205,72
Brandon,Beachy,P,-31.6301082871,beachbr01,0.0,0.0,0,0,0,0,2,2,0,0,0,0,0,1,0,0,0,0,0,29,5,215,74
Dallas,Beeler,P,-31.6254929952,beeleda01,0.3333333333333333,0.6666666666666666,0,0,0,0,3,3,1,1,0,0,0,1,0,0,0,0,0,26,1,210,77
Brandon,Belt,OF,22.8268868661,beltbr01,0.35611510791366907,0.47764227642276424,73,18,68,9,137,492,138,33,5,3,56,147,2,4,0,4,3,27,4,220,77
Christian,Bergman,P,-31.0340302272,bergmch01,0.23076923076923078,0.16666666666666666,1,0,0,0,30,12,2,0,0,0,1,4,0,0,2,0,0,27,1,195,73
Quintin,Berry,OF,-31.0355694322,berryqu01,0.0,0.0,1,0,0,2,8,1,0,0,0,1,0,1,0,0,0,0,0,31,3,190,73
Christian,Bethancourt,C,-20.8872629822,bethach01,0.225,0.2903225806451613,16,2,12,1,48,155,31,8,0,1,5,33,1,0,0,0,7,24,2,205,74
Chad,Bettis,P,-30.4401680139,bettich01,0.18181818181818182,0.06896551724137931,2,0,1,0,20,29,2,0,0,0,4,13,0,0,0,0,0,26,2,200,73
Chad,Billingsley,P,-29.8250989856,billich01,0.07692307692307693,0.3076923076923077,2,1,1,0,7,13,1,0,0,0,0,5,0,0,1,0,1,31,9,240,73
Charlie,Blackmon,OF,34.1034799416,blackch02,0.34711964549483015,0.4495114006514658,93,17,58,43,157,614,176,31,9,13,46,112,2,13,5,4,4,29,4,210,75
Andres,Blanco,SS,-8.30308498548,blancan01,0.36046511627906974,0.5021459227467812,32,7,25,1,106,233,68,22,3,1,21,44,0,4,3,0,11,31,11,195,70
Gregor,Blanco,OF,6.52097795173,blancgr01,0.3682795698924731,0.41284403669724773,59,5,26,13,115,327,95,19,3,5,40,59,7,2,0,3,3,32,7,175,71
Joe,Blanton,P,-31.6301082871,blantjo01,0.0,0.0,0,0,0,0,21,3,0,0,0,0,0,1,0,0,0,0,0,35,11,215,75
Michael,Blazek,P,-31.6266468182,blazemi01,0.25,0.5,0,0,1,0,45,4,1,1,0,0,0,2,0,0,0,0,0,26,2,205,72
Brennan,Boesch,OF,-28.6363139903,boescbr01,0.19148936170212766,0.20224719101123595,4,1,5,1,51,89,13,2,0,0,4,30,0,1,0,0,0,30,5,225,76
Brian,Bogusevic,OF,-25.0481583701,bogusbr01,0.29508196721311475,0.41379310344827586,9,2,5,2,22,58,15,3,0,0,3,21,0,0,0,0,1,31,5,215,75
Mike,Bolsinger,P,-31.0352050671,bolsimi01,0.02631578947368421,0.05263157894736842,1,0,0,0,21,38,1,1,0,0,0,23,0,0,2,0,0,27,1,215,73
Jason,Bourgeois,OF,-13.1383822634,bourgja01,0.2938388625592417,0.33163265306122447,28,3,14,3,68,196,47,5,2,1,14,33,0,1,1,0,2,33,7,200,69
Peter,Bourjos,OF,-10.1462258659,bourjpe01,0.2895927601809955,0.3333333333333333,32,4,13,5,117,195,39,8,3,8,19,59,4,6,4,1,2,28,5,185,73
Justin,Bour,1B,7.46611108173,bourju01,0.32062780269058294,0.4792176039119804,42,23,73,0,129,409,107,20,0,0,34,101,3,2,0,1,19,27,1,250,76
Michael,Bourn,OF,-25.6824818463,bournmi01,0.3032258064516129,0.25735294117647056,10,0,11,4,46,136,30,3,1,2,17,31,0,0,1,2,3,33,9,180,70
Archie,Bradley,P,-31.6289325891,bradlar01,0.14285714285714285,0.14285714285714285,0,0,0,0,8,14,2,0,0,1,0,7,0,0,0,0,0,23,0,230,76
Ryan,Braun,OF,35.4485633589,braunry02,0.3562610229276896,0.4980237154150198,87,25,84,24,140,506,144,27,3,4,54,115,4,4,0,3,20,32,8,205,74
Jake,Brigham,P,-31.6301082871,brighja01,0.0,0.0,0,0,0,0,12,1,0,0,0,0,0,1,0,0,1,0,0,27,0,210,75
Reid,Brignac,3B,-30.4399451042,brignre01,0.25,0.07692307692307693,2,0,0,0,17,13,1,0,0,0,3,5,0,0,1,0,0,29,7,215,75
Socrates,Brito,OF,-28.6540156179,britoso01,0.3235294117647059,0.45454545454545453,5,0,1,1,18,33,10,3,1,0,1,7,0,0,0,0,0,23,0,200,73
Domonic,Brown,OF,-17.2611531094,browndo01,0.28431372549019607,0.3492063492063492,19,5,25,3,63,189,43,6,1,1,14,36,0,1,0,0,2,28,5,225,77
Trevor,Brown,C,-31.033111976,browntr01,0.27906976744186046,0.3076923076923077,1,0,5,1,13,39,9,3,0,1,3,8,0,0,0,1,0,24,0,195,74
Keon,Broxton,OF,-29.8464917225,broxtke01,0.0,0.0,3,0,0,1,7,2,0,0,0,1,0,1,0,0,0,0,0,25,0,195,75
Jay,Bruce,OF,27.143964254,bruceja01,0.2942989214175655,0.43448275862068964,72,26,87,9,157,580,131,35,4,5,58,145,8,2,0,9,10,28,7,225,75
Kris,Bryant,OF,36.0625455829,bryankr01,0.36923076923076925,0.4883720930232558,87,26,99,13,151,559,154,31,5,4,77,199,0,9,0,5,7,23,0,215,77
David,Buchanan,P,-30.4389136992,buchada01,0.2727272727272727,0.25,2,0,1,0,15,20,4,1,0,0,2,8,0,0,1,0,0,26,1,200,75
Madison,Bumgarner,P,-23.2059014849,bumgama01,0.275,0.4675324675324675,9,5,9,0,36,77,19,2,0,0,3,27,0,0,1,0,1,26,6,235,77
A. J.,Burnett,P,-30.4201932526,burneaj01,0.11627906976744186,0.19047619047619047,1,1,5,0,26,42,5,0,0,0,0,20,0,0,9,1,1,38,16,230,76
Emmanuel,Burriss,2B,-30.4351954675,burriem01,0.8,0.6666666666666666,2,0,0,0,5,3,2,0,0,0,2,0,0,0,0,0,0,30,7,190,72
Eddie,Butler,P,-31.629750466,butleed01,0.043478260869565216,0.043478260869565216,0,0,0,0,16,23,1,0,0,0,0,13,0,0,1,0,0,24,1,180,74
Marlon,Byrd,OF,7.38799341006,byrdma01,0.2860824742268041,0.44846796657381616,46,19,42,2,96,359,85,13,3,1,23,101,1,3,0,3,6,38,13,245,72
Marlon,Byrd,OF,-22.0362465324,byrdma01,0.30128205128205127,0.46258503401360546,12,4,31,0,39,147,40,12,2,0,6,44,1,1,0,2,4,38,13,245,72
Ramon,Cabrera,C,-28.6341839183,cabrera01,0.36666666666666664,0.5,4,1,3,0,13,30,11,1,0,0,0,5,0,0,0,0,1,26,0,195,68
Trevor,Cahill,P,-31.6284623099,cahiltr01,0.2,0.2,0,0,0,0,15,5,1,0,0,0,0,2,0,0,0,0,0,27,6,240,76
Trevor,Cahill,P,-31.6292369885,cahiltr01,0.3333333333333333,0.0,0,0,0,0,11,2,0,0,0,0,1,0,0,0,0,0,0,27,6,240,76
Matt,Cain,P,-31.6301082871,cainma01,0.0,0.0,0,0,1,0,13,16,0,0,0,0,0,9,0,0,3,1,0,31,10,230,75
Alberto,Callaspo,3B,-23.8794573412,callaal01,0.2926829268292683,0.2523364485981308,12,1,8,0,37,107,22,2,0,0,14,10,1,0,0,2,4,32,9,225,69
Alberto,Callaspo,3B,-26.8712304269,callaal01,0.3357664233576642,0.3008130081300813,8,0,7,0,60,123,32,5,0,0,14,24,0,0,1,0,2,32,9,225,69
Eric,Campbell,OF,-13.1385411469,campber01,0.3121951219512195,0.2947976878612717,28,3,19,5,71,173,34,8,0,3,26,37,1,4,1,2,11,28,1,205,75
Carter,Capps,P,-31.6259933443,cappsca01,0.5,0.5,0,0,0,0,30,2,1,0,0,0,0,1,0,0,0,0,0,25,3,220,77
Matt,Carpenter,3B,45.614179279,carpema01,0.36541353383458647,0.5052264808362369,101,28,84,4,154,574,156,44,3,3,81,151,5,6,0,4,5,30,4,215,75
Andrew,Cashner,P,-30.4403054737,cashnan01,0.09836065573770492,0.08333333333333333,2,0,1,0,38,60,5,0,0,0,1,24,0,0,0,0,0,29,5,225,77
Welington,Castillo,C,-27.4268381319,castiwe01,0.23404255319148937,0.3488372093023256,5,2,5,0,24,43,7,2,0,0,3,12,1,1,0,0,0,28,5,210,70
Welington,Castillo,C,-0.974128617814,castiwe01,0.31683168316831684,0.49635036496350365,34,17,50,0,80,274,70,13,1,0,21,75,0,5,0,3,10,28,5,210,70
Daniel,Castro,SS,-22.075942293,castrda01,0.26262626262626265,0.34375,14,2,5,0,33,96,23,2,1,0,3,15,0,0,1,0,4,23,0,175,71
Starlin,Castro,SS,6.04281931899,castrst01,0.29636048526863085,0.37477148080438755,52,11,69,5,151,547,145,23,2,5,21,91,6,5,1,4,18,25,5,190,72
Darrell,Ceciliani,OF,-28.0411358549,cecilda01,0.2702702702702703,0.27941176470588236,5,1,3,5,39,68,14,2,0,1,4,25,0,2,0,0,0,25,0,220,73
Juan,Centeno,C,-31.629232488,centeju01,0.13043478260869565,0.09523809523809523,0,0,0,0,10,21,1,1,0,0,2,7,0,0,0,0,0,26,2,195,69
Francisco,Cervelli,C,5.96530513889,cervefr01,0.3695652173913043,0.401330376940133,56,7,43,1,130,451,133,17,5,1,46,94,1,8,4,1,12,29,7,205,73
Yoenis,Cespedes,OF,1.99922580032,cespeyo01,0.3373493975903614,0.6043478260869565,39,17,44,4,57,230,66,14,4,1,14,54,3,4,0,1,5,30,3,210,70
Jhoulys,Chacin,P,-31.6290795514,chacijh01,0.125,0.125,0,0,0,0,5,8,1,0,0,0,0,4,0,0,1,0,0,27,6,215,75
Andrew,Chafin,P,-31.6301082871,chafian01,0.0,0.0,0,0,0,0,66,3,0,0,0,0,0,1,0,0,0,0,0,25,1,225,74
Aroldis,Chapman,P,-31.0355694322,chapmar01,0.0,0.0,1,0,0,0,65,1,0,0,0,0,0,0,0,0,0,0,0,27,5,215,76
Tony,Cingrani,P,-31.0355694322,cingrto01,0.0,0.0,1,0,1,0,35,2,0,0,0,0,0,1,0,0,0,0,0,26,3,210,76
Pedro,Ciriaco,OF,-22.6898650719,ciriape01,0.2751677852348993,0.352112676056338,14,1,15,4,84,142,37,8,1,2,2,38,0,2,2,3,1,30,5,180,72
Tyler,Clippard,P,-31.6301082871,clippty01,0.0,0.0,0,0,0,0,32,1,0,0,0,0,0,0,0,0,0,0,0,30,8,200,75
Chris,Coghlan,OF,16.247798134,coghlch01,0.34063745019920316,0.4431818181818182,64,16,41,11,148,440,110,25,6,2,58,94,6,3,1,1,8,30,6,195,72
A. J.,Cole,P,-31.6301082871,coleaj01,0.0,0.0,0,0,0,0,3,2,0,0,0,0,0,0,0,0,0,0,1,23,0,200,77
Gerrit,Cole,P,-28.6561078586,colege01,0.1774193548387097,0.15,5,0,2,0,33,60,9,0,0,0,2,28,0,0,9,0,0,25,2,230,76
Josh,Collmenter,P,-30.4392935404,collmjo01,0.26666666666666666,0.18518518518518517,2,0,1,0,44,27,5,0,0,0,3,9,0,0,2,0,1,29,4,235,76
Bartolo,Colon,P,-30.4397670463,colonba01,0.15,0.15517241379310345,2,0,4,0,33,58,8,1,0,0,0,24,0,1,4,1,2,42,18,285,71
Michael,Conforto,OF,-8.26420384751,confomi01,0.33505154639175255,0.5057471264367817,30,9,26,0,56,174,47,14,0,1,17,39,0,1,0,2,4,22,0,215,73
Adam,Conley,P,-31.6282794236,conlead01,0.2222222222222222,0.2222222222222222,0,0,1,0,15,18,4,0,0,0,0,8,0,0,4,0,0,25,0,185,75
Tim,Cooney,P,-31.0325388675,cooneti01,0.3,0.4,1,0,0,0,6,10,3,1,0,0,0,0,0,0,1,0,0,25,0,195,75
Patrick,Corbin,P,-31.0343353929,corbipa01,0.21428571428571427,0.12,1,0,3,0,16,25,3,0,0,0,3,11,0,0,1,0,1,26,3,210,75
Kevin,Correia,P,-31.6287366395,correke01,0.16666666666666666,0.16666666666666666,0,0,0,0,5,6,1,0,0,0,0,1,0,0,1,0,0,35,12,200,75
Jarred,Cosart,P,-31.6296241761,cosarja01,0.058823529411764705,0.058823529411764705,0,0,1,0,15,17,1,0,0,0,0,8,0,0,1,0,0,25,2,195,75
Daniel,Coulombe,P,-31.6301082871,couloda01,0.0,0.0,0,0,0,0,5,1,0,0,0,0,0,1,0,0,0,0,0,26,1,190,70
Zack,Cozart,SS,-9.45361127054,cozarza01,0.30985915492957744,0.4587628865979381,28,9,28,3,53,194,50,10,1,3,14,29,1,2,1,3,4,30,4,195,72
Tyler,Cravy,P,-31.6301082871,cravyty01,0.0,0.0,0,0,0,0,14,8,0,0,0,0,0,3,0,0,2,0,0,26,0,210,74
Brandon,Crawford,SS,19.9124010014,crawfbr01,0.32085561497326204,0.46153846153846156,65,21,84,6,143,507,130,33,4,4,39,119,9,11,0,4,18,28,4,215,74
Carl,Crawford,OF,-17.8748011801,crawfca02,0.3036649214659686,0.40331491712707185,19,4,16,10,69,181,48,9,2,2,10,41,1,0,0,0,3,34,13,230,74
Tony,Cruz,3B,-26.8325159379,cruzto03,0.2348993288590604,0.30985915492957744,6,2,11,0,69,142,29,7,1,0,6,32,0,0,2,1,6,29,4,215,71
Michael,Cuddyer,OF,0.672626869894,cuddymi01,0.3088235294117647,0.39050131926121373,44,10,41,2,117,379,98,18,1,0,24,88,0,4,0,1,13,36,14,220,74
Johnny,Cueto,P,-31.034177224,cuetojo01,0.18421052631578946,0.16216216216216217,1,0,0,0,19,37,6,0,0,0,1,10,0,0,5,0,0,29,7,220,71
Todd,Cunningham,OF,-23.8988704565,cunnito01,0.27956989247311825,0.26744186046511625,13,0,4,2,39,86,19,4,0,1,5,17,1,2,0,0,1,26,2,205,72
Jordan,Danks,OF,-31.6301082871,danksjo02,0.0,0.0,0,0,0,0,4,4,0,0,0,0,0,2,0,0,0,0,0,29,3,220,77
Chase,d'Arnaud,SS,-30.4387979499,darnach01,0.2222222222222222,0.29411764705882354,2,0,0,0,11,17,3,0,1,1,1,7,0,0,0,0,0,28,4,205,73
Travis,d'Arnaud,C,-5.82776016895,darnatr01,0.33955223880597013,0.48535564853556484,31,12,41,0,67,239,64,14,1,0,23,49,0,4,0,2,7,26,2,210,74
Zach,Davies,P,-31.0349363641,davieza01,0.07692307692307693,0.07692307692307693,1,0,0,0,6,13,1,0,0,0,0,3,0,0,1,0,0,22,0,160,72
Khris,Davis,OF,17.0567382982,daviskh01,0.32272727272727275,0.5051020408163265,54,27,66,6,121,392,97,16,2,2,44,122,1,1,0,3,9,28,2,195,70
Alejandro,De Aza,OF,-24.4926058834,deazaal01,0.38666666666666666,0.36065573770491804,12,0,3,2,24,61,16,4,1,2,12,14,0,1,0,1,3,31,8,195,72
Cody,Decker,1B,-31.6301082871,deckeco01,0.0,0.0,0,0,1,0,8,11,0,0,0,0,0,5,0,0,0,1,1,28,0,225,71
Jaff,Decker,OF,-26.871021433,deckeja01,0.37142857142857144,0.32142857142857145,8,0,1,0,23,28,6,1,1,0,7,9,0,0,1,0,0,25,2,190,69
Justin,De Fratus,P,-31.6273649919,defraju01,0.3333333333333333,0.3333333333333333,0,0,0,0,61,3,1,0,0,0,0,1,0,0,0,0,0,28,4,225,76
Jacob,deGrom,P,-29.8447592527,degroja01,0.22580645161290322,0.2033898305084746,3,0,4,0,31,59,11,1,0,0,3,16,0,0,4,0,4,27,1,180,76
Ivan,De Jesus,OF,-20.2531074149,dejesiv02,0.3108108108108108,0.373134328358209,15,4,28,0,76,201,49,10,2,2,19,55,0,1,0,1,3,28,4,200,71
Jorge,De La Rosa,P,-31.6295939192,delarjo01,0.0625,0.0625,0,0,3,0,26,48,3,0,0,0,0,18,0,0,2,0,1,34,11,215,73
Rubby,De La Rosa,P,-29.8457201707,delarru01,0.09375,0.09375,3,0,2,0,32,64,6,0,0,0,0,25,0,0,4,0,0,26,4,225,73
Randall,Delgado,P,-31.6301082871,delgara01,0.0,0.0,0,0,0,0,64,1,0,0,0,0,0,1,0,0,1,0,0,25,4,220,76
Matt,den Dekker,OF,-21.4220836019,dendema01,0.3148148148148148,0.48484848484848486,12,5,12,0,55,99,25,6,1,1,9,20,0,0,2,0,0,28,2,210,73
Chris,Denorfia,OF,-19.0834753203,denorch01,0.31877729257641924,0.37264150943396224,18,3,18,0,103,212,57,11,1,1,15,56,1,1,2,1,7,35,10,195,72
Daniel,Descalso,OF,-15.4776799072,descada01,0.28292682926829266,0.32432432432432434,22,5,22,1,101,185,38,3,2,2,20,45,6,0,4,0,3,29,5,190,70
Anthony,DeSclafani,P,-31.0340952428,desclan01,0.1935483870967742,0.1724137931034483,1,0,3,0,31,58,9,1,0,0,3,33,0,0,2,1,0,25,1,190,73
Ian,Desmond,SS,21.062035876,desmoia01,0.28976377952755905,0.38421955403087477,69,19,62,13,156,583,136,27,2,5,45,187,0,3,6,4,9,30,6,215,75
Odrisamer,Despaigne,P,-31.6292937304,despaod01,0.0967741935483871,0.1,0,0,0,0,34,30,2,1,0,0,1,11,0,0,3,0,1,28,1,205,72
Ross,Detwiler,P,-31.6301082871,detwiro01,0.0,0.0,0,0,0,0,24,1,0,0,0,0,0,1,0,0,0,0,0,29,8,215,75
?,?,?,-31.6301082871,diazel01,0.0,0.0,0,0,0,0,2,2,0,0,0,0,0,1,0,0,0,0,0,25,0,210,72
Alex,Dickerson,OF,-31.6280508157,dickeal01,0.25,0.25,0,0,0,0,11,8,2,0,0,0,0,3,0,0,0,0,1,25,0,230,75
Corey,Dickerson,OF,-7.65003751758,dickeco01,0.3333333333333333,0.5357142857142857,30,10,31,0,65,224,68,18,2,1,10,56,0,0,0,0,3,26,2,205,73
Derek,Dietrich,OF,-2.89414118968,dietrde01,0.3460207612456747,0.456,38,10,24,0,90,250,64,14,3,2,23,65,2,13,0,3,4,26,2,210,72
Wilmer,Difo,2B,-31.0340730894,difowi01,0.18181818181818182,0.18181818181818182,1,0,0,0,15,11,2,0,0,0,0,2,0,0,0,0,0,23,0,195,72
Chris,Dominguez,OF,-29.8234160839,dominch01,0.2608695652173913,0.5217391304347826,2,1,3,0,14,23,6,1,1,0,0,12,0,0,0,0,0,29,1,235,76
Danny,Dorn,OF,-31.6284132994,dornda01,0.21875,0.2,0,0,3,0,23,30,5,1,0,0,2,10,0,0,0,0,1,31,0,200,74
Brandon,Drury,SS,-28.6157161247,drurybr01,0.2542372881355932,0.375,3,2,8,0,20,56,12,3,0,0,2,8,0,1,0,0,5,23,0,215,73
Lucas,Duda,1B,24.7857137335,dudalu01,0.351985559566787,0.4861995753715499,67,27,73,0,135,471,115,33,0,2,66,138,7,14,0,3,12,29,5,255,76
Matt,Duffy,SS,21.5206892558,duffyma01,0.3344262295081967,0.42757417102966844,77,12,77,12,149,573,169,28,6,0,30,96,0,5,2,2,22,24,1,170,74
Mike,Dunn,P,-31.6218784015,dunnmi01,1.0,1.0,0,0,0,0,72,1,1,0,0,0,0,0,0,0,0,0,0,30,6,210,72
Adam,Duvall,OF,-24.9893435929,duvalad01,0.3055555555555556,0.484375,6,5,9,0,27,64,14,2,0,0,6,26,1,2,0,0,0,27,1,205,73
Ed,Easley,C,-31.6301082871,easleed01,0.0,0.0,0,0,1,0,4,6,0,0,0,0,0,1,0,0,0,1,1,30,0,205,72
Carl,Edwards,P,-31.6301082871,edwarca01,0.0,0.0,0,0,0,0,5,1,0,0,0,0,0,1,0,0,0,0,0,24,0,170,75
Jerad,Eickhoff,P,-31.0343937343,eickhje01,0.14285714285714285,0.14285714285714285,1,0,2,0,8,14,2,0,0,0,0,7,0,0,2,0,0,25,0,240,76
A. J.,Ellis,C,-13.0599647771,ellisaj01,0.35514018691588783,0.40331491712707185,24,7,21,0,63,181,43,9,0,0,32,38,1,1,3,0,4,34,7,230,74
Robbie,Erlin,P,-31.6301082871,erlinro01,0.0,0.0,0,0,0,0,3,5,0,0,0,0,0,1,0,0,1,0,0,25,2,195,72
Yunel,Escobar,3B,18.4896380375,escobyu01,0.37457627118644066,0.41495327102803736,75,9,56,2,139,535,168,25,1,2,45,70,0,8,1,2,24,33,8,215,74
Danny,Espinosa,OF,11.4328240001,espinda01,0.3105134474327628,0.4087193460490463,59,13,37,5,118,367,88,21,1,2,33,106,5,6,3,3,6,28,5,210,72
Andre,Ethier,OF,9.07471248522,ethiean01,0.36629213483146067,0.4860759493670886,54,14,53,2,142,395,116,20,7,3,43,75,2,4,0,3,11,33,9,210,74
Jose,Fernandez,P,-29.8244084061,fernajo02,0.16666666666666666,0.3888888888888889,2,1,2,0,11,18,3,1,0,0,0,4,0,0,4,0,0,23,2,215,74
Mike,Fiers,P,-31.6292852985,fiersmi01,0.1,0.1,0,0,0,0,21,30,3,0,0,0,0,12,0,0,4,0,0,30,4,200,74
Brandon,Finnegan,P,-31.6301082871,finnebr01,0.0,0.0,0,0,0,0,6,4,0,0,0,0,0,2,0,0,2,0,0,22,1,185,71
Doug,Fister,P,-30.438868409,fistedo01,0.2727272727272727,0.25806451612903225,2,0,0,0,29,31,7,1,0,0,2,15,0,0,6,0,0,31,6,210,80
Yohan,Flande,P,-31.0343937343,flandyo01,0.14285714285714285,0.14285714285714285,1,0,1,0,19,21,3,0,0,0,0,10,0,0,1,0,0,29,1,180,74
Kendry,Flores,P,-31.6301082871,floreke01,0.0,0.0,0,0,0,0,7,1,0,0,0,0,0,1,0,0,0,0,0,24,0,175,74
Wilmer,Flores,SS,10.8966315442,florewi01,0.2952755905511811,0.4078674948240166,55,16,59,0,137,483,127,22,0,1,19,63,2,4,2,2,12,24,2,205,75
Pedro,Florimon,SS,-28.6560190955,floripe01,0.16,0.17391304347826086,5,0,1,1,24,23,2,0,1,0,2,12,0,0,0,0,0,29,4,185,74
Mike,Foltynewicz,P,-31.6293263052,foltymi01,0.06896551724137931,0.10714285714285714,0,0,3,0,18,28,2,1,0,0,0,19,0,0,1,1,1,24,1,220,76
Dexter,Fowler,OF,39.4541106613,fowlede01,0.34593023255813954,0.4110738255033557,102,17,46,20,156,596,149,29,8,7,84,154,1,5,2,3,4,29,7,195,77
Jeff,Francoeur,OF,-3.43057855591,francje02,0.2857142857142857,0.4325153374233129,34,13,45,0,119,326,84,16,1,2,13,77,0,1,0,3,10,31,10,220,76
Maikel,Franco,3B,3.72386237317,francma02,0.34328358208955223,0.4967105263157895,45,14,50,1,80,304,85,22,1,0,26,52,2,4,0,1,8,23,1,215,73
Kevin,Frandsen,1B,-31.0338948692,frandke01,0.25,0.18181818181818182,1,0,0,0,7,11,2,0,0,0,1,3,0,0,1,0,2,33,9,190,72
Todd,Frazier,3B,38.6157675527,frazito01,0.3087149187592319,0.4975767366720517,82,35,89,13,157,619,158,43,1,8,44,137,3,7,1,7,19,29,4,220,75
Freddie,Freeman,1B,16.2869594803,freemfr01,0.3700623700623701,0.47115384615384615,62,18,66,3,118,416,115,27,0,1,56,98,4,7,0,2,6,26,5,225,77
Carlos,Frias,P,-31.0349610612,friasca01,0.13043478260869565,0.047619047619047616,1,0,0,0,17,21,1,0,0,0,1,12,0,1,1,0,0,26,1,195,76
Christian,Friedrich,P,-31.6301082871,friedch01,0.0,0.0,0,0,0,0,68,3,0,0,0,0,0,0,0,0,0,0,0,28,3,215,76
Rocky,Gale,C,-31.6292852985,galero01,0.1,0.1,0,0,0,0,11,10,1,0,0,0,0,1,0,0,0,0,1,27,0,175,73
Freddy,Galvis,SS,10.126575609,galvifr01,0.30201342281879195,0.3434704830053667,63,7,50,10,151,559,147,14,5,1,30,103,1,3,7,4,11,26,3,190,70
Adonis,Garcia,OF,-13.5957469508,garciad01,0.29292929292929293,0.4973821989528796,20,10,26,0,58,191,53,12,0,0,5,35,0,0,0,2,9,30,0,190,69
Greg,Garcia,SS,-26.2372783052,garcigr01,0.3372093023255814,0.38666666666666666,7,2,4,0,49,75,18,5,0,0,10,12,1,1,1,0,2,26,1,190,72
Jaime,Garcia,P,-31.0346568011,garcija02,0.13953488372093023,0.0975609756097561,1,0,1,0,20,41,4,0,0,0,2,15,0,0,1,0,0,29,7,215,74
Dustin,Garneau,C,-26.8326808503,garnedu01,0.2236842105263158,0.2857142857142857,6,2,8,0,22,70,11,3,0,0,6,14,2,0,0,0,2,28,0,200,72
Matt,Garza,P,-31.6294148983,garzama01,0.1,0.07692307692307693,0,0,0,0,26,39,3,0,0,1,1,21,0,0,7,0,0,32,9,215,76
Dillon,Gee,P,-31.6292852985,geedi01,0.1,0.1,0,0,0,0,8,10,1,0,0,0,0,5,0,0,2,0,0,29,5,205,73
Scooter,Gennett,2B,-2.97255087038,gennesc01,0.29411764705882354,0.38133333333333336,42,6,29,1,114,375,99,18,4,3,12,68,5,4,0,0,11,25,2,185,70
Gonzalez,Germen,P,-31.6301082871,germego01,0.0,0.0,0,0,0,0,29,1,0,0,0,0,0,1,0,0,0,0,0,28,2,200,73
Cole,Gillespie,OF,-20.2916700842,gilleco01,0.3333333333333333,0.42758620689655175,17,2,16,4,67,145,42,10,2,1,10,27,0,0,1,1,5,31,5,205,74
Sean,Gilmartin,P,-31.032826137,gilmase01,0.3333333333333333,0.3333333333333333,1,0,0,0,50,6,2,0,0,0,0,3,0,0,0,0,0,25,0,205,74
Zack,Godley,P,-31.6291938553,godleza01,0.1111111111111111,0.1111111111111111,0,0,0,0,9,9,1,0,0,0,0,6,0,0,1,0,0,25,0,245,75
Erik,Goeddel,P,-31.6301082871,goedder01,0.0,0.0,0,0,0,0,35,1,0,0,0,0,0,0,0,0,0,0,0,27,1,190,75
David,Goforth,P,-31.6301082871,goforda01,0.0,0.0,0,0,0,0,20,3,0,0,0,0,0,3,0,0,1,0,0,27,0,205,70
Paul,Goldschmidt,1B,49.8738138098,goldspa01,0.43515850144092216,0.5696649029982364,103,33,110,21,159,567,182,38,2,5,118,151,29,2,0,7,16,28,4,225,75
Jonny,Gomes,OF,-11.2766483585,gomesjo01,0.32456140350877194,0.3641025641025641,27,7,22,1,83,195,43,7,0,1,28,67,1,3,0,2,5,35,12,230,73
Carlos,Gomez,OF,-1.74422275548,gomezca01,0.32802547770700635,0.4230769230769231,42,8,43,7,74,286,75,20,1,6,23,70,0,5,0,0,4,30,8,220,75
Hector,Gomez,OF,-22.0956554394,gomezhe01,0.21212121212121213,0.3228346456692913,15,1,7,0,66,127,23,11,2,0,3,40,0,2,2,0,1,27,4,195,74
Jeanmar,Gomez,P,-31.6301082871,gomezje01,0.0,0.0,0,0,0,0,65,1,0,0,0,0,0,1,0,0,0,0,0,27,5,220,75
Adrian,Gonzalez,1B,30.750526381,gonzaad01,0.35046728971962615,0.4798598949211909,76,28,90,0,156,571,157,33,0,1,62,107,10,6,0,3,21,33,11,220,74
Carlos,Gonzalez,OF,44.6587524665,gonzaca01,0.3245469522240527,0.5397111913357401,87,40,97,2,153,554,150,25,2,0,46,133,6,1,1,6,11,30,7,220,73
Gio,Gonzalez,P,-31.0345186434,gonzagi01,0.15217391304347827,0.11627906976744186,1,0,2,0,31,43,4,1,0,0,1,18,0,2,10,0,1,30,7,210,72
Severino,Gonzalez,P,-30.4399937246,gonzase01,0.18181818181818182,0.1,2,0,1,0,7,10,1,0,0,0,1,4,0,0,1,0,0,23,0,155,74
Dee,Gordon,2B,23.1486051748,gordode01,0.35857805255023184,0.41788617886178864,88,4,46,58,145,615,205,24,8,20,25,91,2,2,6,5,6,27,4,170,71
Tuffy,Gosewisch,C,-25.6629946844,gosewtu01,0.2608695652173913,0.28125,9,1,13,2,38,128,27,6,0,1,8,23,0,1,0,1,2,32,2,200,71
Philip,Gosselin,OF,-30.4377102475,gosseph01,0.35714285714285715,0.425,2,0,2,2,20,40,13,4,0,0,2,5,0,0,0,0,0,27,2,200,73
Philip,Gosselin,OF,-19.6768795019,gosseph01,0.3815789473684211,0.5454545454545454,17,3,13,0,24,66,20,5,1,1,7,11,0,2,0,1,2,27,2,200,73
Curtis,Granderson,OF,42.6022815969,grandcu01,0.36363636363636365,0.45689655172413796,98,26,70,11,157,580,150,33,2,6,91,151,3,7,0,4,3,34,11,200,73
Yasmani,Grandal,1B,3.76228765353,grandya01,0.35294117647058826,0.4028169014084507,43,16,47,0,115,355,83,12,0,1,65,92,1,2,1,3,16,27,3,225,73
Jon,Gray,P,-31.0351672944,grayjo02,0.15384615384615385,0.0,1,0,0,0,9,11,0,0,0,0,2,6,0,0,0,0,0,24,0,235,76
Zack,Greinke,P,-25.6432583985,greinza01,0.2318840579710145,0.34328358208955223,8,2,3,1,32,67,15,2,0,0,1,14,0,0,8,1,0,32,11,195,72
Randal,Grichuk,OF,7.9442748859,grichra01,0.32857142857142857,0.5479876160990712,49,17,47,4,103,323,89,23,7,2,22,110,2,4,0,1,6,24,1,195,73
Justin,Grimm,P,-31.6301082871,grimmju01,0.0,0.0,0,0,0,0,62,1,0,0,0,0,0,1,0,0,0,0,0,27,3,210,75
Alex,Guerrero,OF,-10.0094910848,guerral01,0.2608695652173913,0.4337899543378995,25,11,36,1,106,219,51,9,1,0,7,57,0,2,0,2,7,29,1,215,72
Deolis,Guerra,P,-31.6301082871,guerrde01,0.0,0.0,0,0,0,0,10,1,0,0,0,0,0,0,0,0,0,0,0,26,0,245,77
Jedd,Gyorko,SS,-1.58874290823,gyorkje01,0.29694323144104806,0.39667458432304037,34,16,57,0,128,421,104,15,0,1,27,107,1,5,0,5,13,27,2,205,70
David,Hale,P,-31.03485379,haleda02,0.08695652173913043,0.08695652173913043,1,0,0,0,17,23,2,0,0,0,0,9,0,0,4,0,0,28,2,210,74
Cole,Hamels,P,-30.4396204414,hamelco01,0.15384615384615385,0.1794871794871795,2,0,0,0,20,39,6,1,0,0,0,15,0,0,4,0,1,32,9,200,75
Billy,Hamilton,OF,4.12241640168,hamilbi02,0.27415730337078653,0.28883495145631066,56,4,28,57,114,412,93,8,3,8,28,75,0,1,9,4,5,25,2,160,72
Jason,Hammel,P,-28.0613701993,hammeja01,0.1791044776119403,0.18461538461538463,6,0,4,0,32,65,11,1,0,0,1,18,0,0,3,1,1,33,9,225,78
Brad,Hand,P,-31.0346012104,handbr01,0.11764705882352941,0.11764705882352941,1,0,2,0,38,17,2,0,0,0,0,5,0,0,6,0,0,25,4,215,75
Donovan,Hand,P,-31.6301082871,handdo01,0.0,0.0,0,0,0,0,1,1,0,0,0,0,0,0,0,0,0,0,0,29,2,235,75
J. A.,Happ,P,-31.0348212608,happja01,0.09090909090909091,0.09090909090909091,1,0,0,0,11,22,2,0,0,0,0,13,0,0,3,0,0,33,8,205,77
Aaron,Harang,P,-29.2504197662,haranaa01,0.1836734693877551,0.1875,4,0,0,0,29,48,8,1,0,0,1,18,0,0,9,0,2,37,13,260,79
Dan,Haren,P,-29.8449005694,harenda01,0.20588235294117646,0.1875,3,0,4,0,22,32,5,1,0,0,2,12,0,0,8,0,1,35,12,215,77
Dan,Haren,P,-31.034741195,harenda01,0.19047619047619047,0.058823529411764705,1,0,1,0,11,17,1,0,0,0,3,4,0,0,2,1,1,35,12,215,77
Bryce,Harper,OF,64.318429093,harpebr03,0.4602446483180428,0.6487523992322457,118,42,99,6,153,521,172,38,1,4,124,131,15,5,0,4,15,23,3,215,75
Josh,Harrison,OF,4.71766218103,harrijo05,0.3273542600896861,0.38995215311004783,57,4,28,10,114,418,120,29,1,8,19,71,1,7,3,2,4,28,4,195,68
Mitch,Harris,P,-31.6301082871,harrimi03,0.0,0.0,0,0,0,0,26,1,0,0,0,0,0,1,0,0,0,0,0,30,0,215,76
Corey,Hart,OF,-28.6158686648,hartco01,0.24561403508771928,0.35185185185185186,3,2,9,0,35,54,12,1,0,0,1,19,1,1,0,1,5,33,11,240,78
Matt,Harvey,P,-30.4202486117,harvema01,0.1076923076923077,0.18461538461538463,1,1,7,0,29,65,7,2,0,0,0,31,0,0,1,0,2,26,3,215,76
Chris,Hatcher,P,-31.6301082871,hatchch02,0.0,0.0,0,0,0,0,49,1,0,0,0,0,0,0,0,0,0,0,0,30,5,200,73
LaTroy,Hawkins,P,-31.6301082871,hawkila01,0.0,0.0,0,0,0,0,24,1,0,0,0,0,0,1,0,0,0,0,0,43,20,220,77
Adeiny,Hechavarria,SS,3.54792792214,hechaad01,0.31462925851703405,0.37446808510638296,54,5,48,7,130,470,132,17,6,2,23,78,4,2,0,4,18,26,3,215,74
Austin,Hedges,C,-22.0571404732,hedgeau01,0.21476510067114093,0.24817518248175183,13,3,11,0,56,137,23,2,0,0,8,38,1,1,3,3,1,23,0,200,73
Chris,Heisey,OF,-25.6430468334,heisech01,0.3472222222222222,0.32727272727272727,8,2,9,0,33,55,10,2,0,1,15,17,2,0,0,2,1,31,5,215,73
Jeremy,Hellickson,P,-29.8445202345,hellije01,0.2826086956521739,0.21951219512195122,3,0,7,0,29,41,9,0,0,0,2,14,0,2,3,1,0,28,5,190,73
Kyle,Hendricks,P,-30.440484775,hendrky01,0.06557377049180328,0.06666666666666667,2,0,1,0,32,60,3,1,0,0,1,24,0,0,3,0,2,26,1,190,75
Cesar,Hernandez,SS,2.87545102004,hernace02,0.3392857142857143,0.34814814814814815,57,1,35,19,127,405,110,20,4,5,40,86,1,2,4,1,6,25,2,165,70
Enrique,Hernandez,OF,-13.0595022778,hernaen02,0.3456221198156682,0.4900990099009901,24,7,22,0,76,202,62,12,2,2,11,46,0,2,1,2,3,24,1,200,71
Gorkys,Hernandez,OF,-31.6301082871,hernago01,0.0,0.0,0,0,0,1,8,5,0,0,0,0,0,0,0,0,0,0,0,28,3,190,73
Oscar,Hernandez,C,-29.2501937572,hernaos01,0.2571428571428571,0.1935483870967742,4,0,1,0,18,31,5,1,0,0,3,15,0,1,1,0,0,22,0,220,73
Dilson,Herrera,2B,-25.6234574449,herredi01,0.3106796116504854,0.36666666666666664,7,3,6,2,31,90,19,3,1,0,11,23,1,2,0,0,2,21,1,150,70
Elian,Herrera,OF,-10.0874904803,herreel01,0.2898550724637681,0.39453125,29,7,33,3,83,256,62,18,0,1,18,72,1,0,1,2,4,30,3,205,71
Jonathan,Herrera,SS,-22.0760542177,herrejo03,0.2421875,0.3333333333333333,14,2,14,3,73,126,29,5,1,0,2,23,1,0,4,0,3,31,7,180,69
Odubel,Herrera,OF,11.3356462771,herreod01,0.34398496240601506,0.41818181818181815,64,8,41,16,147,495,147,30,3,8,28,129,0,8,5,1,6,24,0,200,71
Keith,Hessler,P,-31.6218784015,hesslke01,1.0,1.0,0,0,0,0,18,1,1,0,0,0,0,0,0,0,0,0,0,26,0,215,76
Chris,Heston,P,-31.0337354942,hestoch01,0.19607843137254902,0.23529411764705882,1,0,3,0,31,51,10,2,0,0,0,18,0,0,7,0,1,27,1,195,75
Jason,Heyward,OF,23.3238953571,heywaja01,0.35855263157894735,0.43875685557586835,79,13,60,23,154,547,160,33,4,3,56,90,4,2,0,3,13,26,5,245,77
Aaron,Hill,3B,-8.91814189079,hillaa01,0.29461756373937675,0.3450479233226837,32,6,39,7,116,313,72,18,0,2,31,54,0,1,0,8,9,33,10,200,71
Matt,Holliday,OF,-14.9018318406,hollima01,0.3935018050541516,0.4104803493449782,24,4,35,2,73,229,64,16,1,1,39,49,5,6,0,3,9,35,11,250,76
David,Holmberg,P,-30.4393780711,holmbda01,0.36363636363636365,0.125,2,0,0,0,6,8,1,0,0,0,2,5,0,1,1,0,0,24,2,245,75
Tyler,Holt,OF,-30.4399168261,holtty01,0.23076923076923078,0.09090909090909091,2,0,0,1,5,11,1,0,0,0,2,2,0,0,0,0,0,26,1,190,70
Ryan,Howard,1B,14.0057221989,howarry01,0.27689243027888444,0.44325481798715205,53,23,77,0,129,467,107,29,1,0,27,138,2,5,0,3,11,36,11,250,76
Daniel,Hudson,P,-31.6301082871,hudsoda01,0.0,0.0,0,0,0,0,64,1,0,0,0,0,0,1,0,0,0,0,0,28,6,235,75
Tim,Hudson,P,-29.2301795423,hudsoti01,0.20512820512820512,0.3157894736842105,3,1,1,0,24,38,7,2,0,0,1,11,0,0,3,0,0,40,16,175,73
David,Huff,P,-31.6301082871,huffda01,0.0,0.0,0,0,0,0,3,1,0,0,0,0,0,0,0,0,0,0,0,31,6,210,73
Nick,Hundley,C,1.26767628239,hundlni01,0.3393316195372751,0.4672131147540984,45,10,43,5,103,366,110,21,5,6,21,76,0,1,0,1,8,32,7,205,73
Raisel,Iglesias,P,-31.6291852287,iglesra01,0.06666666666666667,0.13333333333333333,0,0,1,0,18,30,2,0,1,0,0,13,0,0,1,0,0,25,0,185,74
Ender,Inciarte,OF,15.4584205945,inciaen01,0.33810375670840787,0.4083969465648855,73,6,45,21,132,524,159,27,5,10,26,58,0,4,2,5,8,25,1,185,70
Travis,Ishikawa,OF,-31.0351337829,ishiktr01,0.16666666666666666,0.0,1,0,0,0,6,5,0,0,0,0,1,3,0,0,0,0,0,32,9,220,75
Travis,Ishikawa,OF,-28.0407400719,ishiktr01,0.3181818181818182,0.3275862068965517,5,1,8,0,38,58,13,3,0,0,8,17,0,0,0,0,2,32,9,220,75
Austin,Jackson,OF,-25.0678171214,jacksau01,0.3037974683544304,0.375,10,1,10,2,29,72,17,7,0,1,5,19,0,2,0,0,1,28,5,205,73
Edwin,Jackson,P,-31.6301082871,jacksed01,0.0,0.0,0,0,0,0,24,1,0,0,0,0,0,0,0,0,0,0,0,32,12,210,75
Travis,Jankowski,OF,-25.0486795747,jankotr01,0.24468085106382978,0.34444444444444444,9,2,12,2,34,90,19,2,2,1,4,24,0,0,2,0,1,24,0,190,75
Jon,Jay,OF,-16.1503909875,jayjo02,0.30578512396694213,0.2571428571428571,25,1,10,0,79,210,44,5,1,2,19,36,5,11,3,2,7,30,5,195,71
Luis,Jimenez,3B,-31.0348682959,jimenlu02,0.125,0.06666666666666667,1,0,0,0,15,15,1,0,0,0,1,6,0,0,0,0,0,27,2,205,73
Chris,Johnson,3B,-23.2651284449,johnsch05,0.2716049382716049,0.3202614379084967,12,2,11,2,56,153,36,7,0,1,7,49,0,1,0,1,3,31,6,225,75
Dan,Johnson,1B,-31.0340603408,johnsda06,0.23809523809523808,0.15789473684210525,1,0,2,0,12,19,3,0,0,0,2,4,0,0,0,0,1,36,10,210,74
Kelly,Johnson,OF,-14.2099379948,johnske05,0.32142857142857145,0.45054945054945056,20,9,34,1,62,182,50,5,0,1,13,43,1,0,0,1,4,33,10,195,73
Kelly,Johnson,OF,-17.8552753657,johnske05,0.30434782608695654,0.4140625,18,5,13,1,49,128,32,6,0,0,10,38,1,0,0,0,4,33,10,195,73
Reed,Johnson,OF,-31.6279231795,johnsre02,0.25,0.2727272727272727,0,0,3,0,17,22,5,1,0,0,0,6,0,1,0,1,1,39,12,180,70
Taylor,Jordan,P,-31.6273649919,jordata01,0.3333333333333333,0.3333333333333333,0,0,0,0,4,6,2,0,0,0,0,2,0,0,0,0,0,26,2,210,77
Taylor,Jungmann,P,-30.4384525212,jungmta01,0.2894736842105263,0.32432432432432434,2,0,0,0,21,37,10,2,0,0,1,12,0,0,6,0,0,26,0,220,78
Jung Ho,Kang,SS,13.2557779205,kangju01,0.3554603854389722,0.46080760095011875,60,15,58,5,126,421,121,24,2,4,28,99,0,17,0,1,10,28,0,205,72
Casey,Kelly,P,-31.6301082871,kellyca01,0.0,0.0,0,0,0,0,3,2,0,0,0,0,0,0,0,0,1,0,0,26,3,215,75
Don,Kelly,3B,-31.6301082871,kellydo01,0.0,0.0,0,0,0,0,2,1,0,0,0,0,0,0,0,0,0,0,0,35,8,190,76
Matt,Kemp,OF,30.0583606429,kempma01,0.3117283950617284,0.4429530201342282,80,23,100,12,154,596,158,31,3,2,39,147,0,5,0,8,17,31,9,210,76
Howie,Kendrick,2B,11.949579162,kendrho01,0.3360323886639676,0.40948275862068967,64,9,54,6,117,464,137,22,2,2,27,82,1,2,1,1,17,32,9,220,71
Kyle,Kendrick,P,-27.4465497126,kendrky01,0.2391304347826087,0.3023255813953488,6,1,2,0,27,43,8,2,0,0,3,16,0,0,3,0,1,31,8,210,75
Ian,Kennedy,P,-29.8453067817,kenneia01,0.09523809523809523,0.16666666666666666,3,0,0,0,30,42,4,3,0,0,0,23,0,0,6,0,1,31,8,200,72
Clayton,Kershaw,P,-30.4397366194,kershcl01,0.16216216216216217,0.15492957746478872,2,0,2,0,34,71,9,2,0,0,2,23,0,1,5,0,2,27,7,225,76
Craig,Kimbrel,P,-31.6301082871,kimbrcr01,0.0,0.0,0,0,0,0,61,1,0,0,0,0,0,1,0,0,0,0,0,27,5,220,71
Brandon,Kintzler,P,-31.6301082871,kintzbr01,0.0,0.0,0,0,0,0,7,1,0,0,0,0,0,0,0,0,0,0,0,31,5,190,70
Tom,Koehler,P,-30.439842201,koehlto01,0.15384615384615385,0.14,2,0,1,0,32,50,6,1,0,0,2,28,0,0,12,0,1,29,3,235,75
George,Kontos,P,-31.6301082871,kontoge01,0.0,0.0,0,0,0,0,73,2,0,0,0,0,0,2,0,0,1,0,0,30,4,215,75
Pete,Kozma,OF,-22.7105567267,kozmape01,0.23636363636363636,0.15151515151515152,15,0,2,3,76,99,15,0,0,1,10,21,2,1,1,0,0,27,4,190,72
Erik,Kratz,1B,-29.8440229308,kratzer01,0.2608695652173913,0.3181818181818182,3,0,2,0,12,22,5,2,0,0,1,3,0,0,0,0,0,35,5,240,76
John,Lackey,P,-31.6288574134,lackejo01,0.16666666666666666,0.14516129032258066,0,0,3,0,33,62,7,2,0,0,4,24,0,0,4,0,2,37,13,235,78
Aaron,Laffey,P,-31.6259933443,laffeaa01,0.5,0.5,0,0,0,0,3,2,1,0,0,0,0,1,0,0,0,0,0,30,8,200,72
Juan,Lagares,OF,0.0,lagarju01,0.28879310344827586,0.35827664399092973,47,6,41,7,143,441,114,16,5,3,16,87,2,4,1,3,6,26,2,215,73
Gerald,Laird,C,-31.6301082871,lairdge01,0.0,0.0,0,0,0,0,1,2,0,0,0,0,0,0,0,0,0,0,0,36,12,230,73
Junior,Lake,OF,-29.8243747899,lakeju01,0.27419354838709675,0.3448275862068966,2,1,5,4,21,58,13,4,0,0,4,20,0,0,0,0,1,25,2,215,75
Ryan,LaMarre,OF,-30.4403721865,lamarry01,0.08,0.08,2,0,0,0,21,25,2,0,0,0,0,9,0,0,1,0,1,27,0,205,73
Jake,Lamb,3B,-5.35058588304,lambja01,0.33076923076923076,0.38571428571428573,38,6,34,3,107,350,92,15,5,2,36,97,3,1,0,3,5,25,1,205,75
John,Lamb,P,-31.6292429198,lambjo02,0.0625,0.125,0,0,1,0,10,16,1,1,0,0,0,8,0,0,0,0,0,25,0,205,76
Andrew,Lambo,OF,-31.0348297202,lamboan01,0.1111111111111111,0.08,1,0,0,0,20,25,1,1,0,0,2,8,0,0,0,0,0,27,2,215,75
Tommy,La Stella,3B,-28.6348394316,lasteto01,0.32432432432432434,0.40298507462686567,4,1,11,2,33,67,18,6,0,0,5,7,0,1,0,1,1,26,1,190,71
Mat,Latos,P,-31.6278222077,latosma01,0.2777777777777778,0.2777777777777778,0,0,1,0,16,18,5,0,0,0,0,6,0,0,9,0,0,28,6,245,78
Mat,Latos,P,-31.032826137,latosma01,0.3333333333333333,0.3333333333333333,1,0,0,0,6,6,2,0,0,0,0,1,0,0,1,0,0,28,6,245,78
Ryan,Lavarnway,1B,-27.4263841743,lavarry01,0.3108108108108108,0.3939393939393939,5,2,6,0,27,66,15,5,0,0,8,21,1,0,0,0,4,28,4,240,76
Mike,Leake,P,-29.2307333285,leakemi01,0.1346153846153846,0.25,3,1,5,0,25,52,7,3,0,0,0,25,0,0,4,0,0,28,5,190,70
Mike,Leake,P,-30.4200917383,leakemi01,0.058823529411764705,0.23529411764705882,1,1,3,0,12,17,1,0,0,0,0,11,0,0,0,0,0,28,5,190,70
Sam,LeCure,P,-31.6301082871,lecursa01,0.0,0.0,0,0,0,0,19,1,0,0,0,0,0,0,0,0,0,0,0,31,5,210,72
Zach,Lee,P,-31.6301082871,leeza01,0.0,0.0,0,0,0,0,1,2,0,0,0,0,0,0,0,0,0,0,0,24,0,210,76
DJ,LeMahieu,2B,22.5928264663,lemahdj01,0.3581847649918963,0.3882978723404255,85,6,61,23,150,564,170,21,5,3,50,107,4,1,3,2,20,27,4,215,76
Jon,Lester,P,-28.0622313395,lestejo01,0.1076923076923077,0.06451612903225806,6,0,0,0,32,62,4,0,0,0,3,30,0,0,6,0,1,31,9,240,76
Adam,Liberatore,P,-31.6301082871,liberad01,0.0,0.0,0,0,0,0,39,2,0,0,0,0,0,2,0,0,0,0,0,28,0,240,75
Tim,Lincecum,P,-31.6284703365,linceti01,0.21739130434782608,0.19047619047619047,0,0,0,0,16,21,3,1,0,0,2,10,0,0,2,0,1,31,8,170,71
Adam,Lind,1B,23.4602653995,lindad01,0.36013986013986016,0.4601593625498008,72,20,87,0,149,502,139,32,0,0,66,100,11,1,0,3,7,32,9,195,74
Francisco,Liriano,P,-28.6361255926,liriafr01,0.16923076923076924,0.24615384615384617,4,1,7,0,31,65,11,2,0,0,0,28,0,0,2,0,0,32,10,225,74
Radhames,Liz,P,-31.6301082871,lizra01,0.0,0.0,0,0,0,0,14,1,0,0,0,0,0,0,0,0,0,0,0,32,8,200,74
Jose,Lobaton,C,-23.2457916901,lobatjo01,0.2792207792207792,0.29411764705882354,11,3,20,0,44,136,27,4,0,0,15,40,1,1,1,2,5,31,6,215,73
Jeff,Locke,P,-31.0347921591,lockeje01,0.10638297872340426,0.08888888888888889,1,0,2,0,30,45,3,1,0,0,2,18,0,0,7,0,1,28,4,195,72
Adam,Loewen,P,-31.6273649919,loewead01,0.3333333333333333,0.3333333333333333,0,0,0,0,20,3,1,0,0,0,0,0,0,0,0,0,1,31,9,235,78
Kyle,Lohse,P,-29.8444485184,lohseky01,0.23076923076923078,0.2564102564102564,3,0,1,0,41,39,9,1,0,0,0,10,0,0,3,0,1,37,14,215,74
Ryan,Lollis,OF,-31.6285690821,lolliry01,0.23076923076923078,0.16666666666666666,0,0,0,1,5,12,2,0,0,0,1,1,0,0,0,0,0,29,0,185,74
?,?,?,-31.0353318053,lombast02,0.09090909090909091,0.0,1,0,0,0,12,10,0,0,0,0,1,4,0,0,0,0,0,27,4,200,72
Jorge,Lopez,P,-31.6301082871,lopezjo02,0.0,0.0,0,0,0,0,2,2,0,0,0,0,0,2,0,0,1,0,0,22,0,190,75
Michael,Lorenzen,P,-29.2495304124,lorenmi01,0.2702702702702703,0.3055555555555556,4,0,4,0,33,36,9,0,1,0,0,13,0,1,4,0,0,23,0,205,75
Jonathan,Lucroy,1B,2.99243827825,lucrojo01,0.32608695652173914,0.3908355795148248,51,7,43,1,103,371,98,20,3,0,36,64,0,1,1,6,18,29,5,195,72
Jordan,Lyles,P,-31.6301082871,lylesjo01,0.0,0.0,0,0,0,0,11,19,0,0,0,0,0,11,0,0,0,0,0,25,4,230,76
Lance,Lynn,P,-29.8449503012,lynnla01,0.16,0.2,3,0,1,0,31,50,8,2,0,0,0,26,0,0,5,0,0,28,4,240,77
Tyler,Lyons,P,-29.8447126422,lyonsty01,0.2777777777777778,0.1875,3,0,1,0,17,16,3,0,0,0,2,4,0,0,2,0,0,27,2,200,76
Jean,Machi,P,-31.6301082871,machije01,0.0,0.0,0,0,0,0,33,3,0,0,0,0,0,2,0,0,0,0,0,33,3,255,72
Martin,Maldonado,1B,-17.8754787937,maldoma01,0.2823529411764706,0.2925764192139738,19,4,22,0,79,229,48,7,0,1,23,65,3,1,1,2,6,29,4,225,72
Seth,Maness,P,-31.6301082871,manesse01,0.0,0.0,0,0,0,0,77,3,0,0,0,0,0,2,0,0,0,0,0,27,2,190,72
Sugar Ray,Marimon,P,-31.6271160494,marimsu01,0.42857142857142855,0.3333333333333333,0,0,0,0,16,6,2,0,0,0,1,3,0,0,0,0,0,27,0,195,73
Nick,Markakis,OF,13.6163141074,markani01,0.37026239067055394,0.3758169934640523,73,3,53,2,156,612,181,38,1,1,70,83,11,3,0,1,17,32,9,190,73
Jason,Marquis,P,-30.4391364744,marquja01,0.1875,0.25,2,0,1,0,10,16,3,1,0,0,0,4,0,0,1,0,0,37,15,220,73
Starling,Marte,OF,29.9805758726,martest01,0.33650793650793653,0.4438687392055268,84,19,81,30,153,579,166,30,2,10,27,123,3,19,3,5,14,27,3,185,73
Carlos,Martinez,P,-30.4395770503,martica04,0.1724137931034483,0.17857142857142858,2,0,0,0,32,56,8,2,0,0,1,23,0,1,5,0,1,24,2,185,72
Jeff,Mathis,C,-25.049064785,mathije01,0.21359223300970873,0.2903225806451613,9,2,12,0,32,93,15,4,1,0,7,24,1,0,0,3,2,32,10,205,72
Tyler,Matzek,P,-29.8427035166,matzety01,0.375,0.5,3,0,0,0,6,8,3,1,0,0,0,1,0,0,1,0,0,25,1,230,75
Steven,Matz,P,-31.0328168942,matzst01,0.2857142857142857,0.35714285714285715,1,0,5,0,6,14,4,1,0,0,0,1,0,0,0,0,1,24,0,200,74
Justin,Maxwell,OF,-11.8714451711,maxweju01,0.27472527472527475,0.3413654618473896,26,7,26,2,100,249,52,8,2,1,20,76,1,3,1,1,4,32,8,225,77
John,Mayberry,OF,-25.0294098958,maybejo02,0.226890756302521,0.3181818181818182,8,3,9,1,59,110,18,6,1,0,9,33,0,0,0,0,2,32,6,235,78
Cameron,Maybin,OF,13.1578761209,maybica01,0.3267148014440433,0.3702970297029703,65,10,59,23,141,505,135,18,2,6,45,102,1,1,1,3,16,28,8,215,75
Matt,McBride,OF,-28.6559917083,mcbrima02,0.18604651162790697,0.16666666666666666,5,0,0,0,20,42,7,0,0,0,0,4,0,1,0,0,0,30,3,215,74
Brandon,McCarthy,P,-31.6297348734,mccarbr01,0.14285714285714285,0.0,0,0,1,0,4,6,0,0,0,0,1,5,0,0,2,0,0,32,10,220,79
Andrew,McCutchen,OF,36.5987735147,mccutan01,0.40145985401459855,0.4876325088339223,91,23,96,11,157,566,165,36,3,5,98,133,12,12,0,9,9,29,6,200,70
Casey,McGehee,3B,-26.2379311079,mcgehca01,0.2753623188405797,0.2992125984251969,7,2,11,0,49,127,27,5,0,1,11,28,0,0,0,0,15,33,7,220,73
Casey,McGehee,3B,-27.4663043588,mcgehca01,0.25,0.24545454545454545,7,0,9,1,60,110,20,7,0,0,10,22,0,0,0,0,3,33,7,220,73
Dustin,McGowan,P,-31.6301082871,mcgowdu01,0.0,0.0,0,0,0,0,14,3,0,0,0,0,0,3,0,0,0,0,0,33,10,240,75
Michael,McKenry,C,-17.280206012,mckenmi01,0.32894736842105265,0.4015748031496063,20,4,17,2,58,127,26,7,3,2,22,41,0,2,0,1,2,30,5,205,70
Andrew,McKirahan,P,-31.6301082871,mckiran01,0.0,0.0,0,0,0,0,27,1,0,0,0,0,0,1,0,0,0,0,0,25,0,195,74
Jordy,Mercer,SS,-9.57121667935,mercejo03,0.2934272300469484,0.3197969543147208,34,3,34,3,116,394,96,21,0,2,27,73,7,2,4,3,7,29,3,205,75
Devin,Mesoraco,C,-30.4389402398,mesorde01,0.27450980392156865,0.24444444444444444,2,0,2,1,23,45,8,1,1,0,5,9,0,1,0,0,0,27,4,220,73
Will,Middlebrooks,SS,-12.4270364599,middlwi01,0.24074074074074073,0.3607843137254902,23,9,29,2,83,255,54,7,2,1,11,60,0,0,0,4,4,27,3,220,75
Justin,Miller,P,-31.6301082871,milleju02,0.0,0.0,0,0,0,0,34,2,0,0,0,0,0,2,0,0,1,0,0,28,1,215,75
Shelby,Miller,P,-31.03476305,millesh01,0.11666666666666667,0.08928571428571429,1,0,0,0,33,56,3,2,0,0,4,29,0,0,11,0,0,25,3,215,75
Yadier,Molina,C,-8.95699886292,molinya01,0.31001890359168244,0.35040983606557374,34,4,61,3,136,488,132,23,2,1,32,59,3,0,1,9,16,33,11,220,71
Johnny,Monell,C,-28.6556408082,moneljo01,0.23076923076923078,0.20833333333333334,5,0,4,0,27,48,8,2,0,0,4,13,0,0,0,0,5,29,2,210,72
Miguel,Montero,C,-1.01347187042,montemi01,0.34491315136476425,0.4092219020172911,36,15,53,1,113,347,86,11,0,1,49,103,5,4,0,3,9,32,9,210,71
Rafael,Montero,P,-31.6301082871,montera01,0.0,0.0,0,0,0,0,5,2,0,0,0,0,0,1,0,0,0,0,0,25,1,185,72
Tyler,Moore,OF,-19.6198535115,moorety01,0.25,0.36363636363636365,14,6,27,0,97,187,38,12,0,0,11,45,2,1,0,1,2,28,3,220,74
Brent,Morel,3B,-31.032415752,morelbr01,0.2857142857142857,0.42857142857142855,1,0,1,0,3,7,2,1,0,0,0,3,0,0,0,0,0,28,5,230,74
Adam,Morgan,P,-30.4401815096,morgaad01,0.07692307692307693,0.11538461538461539,2,0,1,0,15,26,2,1,0,0,0,12,0,0,1,0,0,25,0,195,73
Justin,Morneau,1B,-18.4883405753,morneju01,0.3626373626373626,0.4583333333333333,19,3,15,0,49,168,52,10,3,0,13,25,2,1,0,0,2,34,12,220,76
Brandon,Morrow,P,-31.6298468975,morrobr01,0.1,0.0,0,0,0,0,5,9,0,0,0,0,1,8,0,0,0,0,0,31,8,210,75
Mike,Morse,OF,-24.415311273,morsemi01,0.27586206896551724,0.3125,8,4,12,0,53,160,34,4,0,0,12,55,0,2,0,0,6,33,10,245,77
Mike,Morse,OF,-27.4456550139,morsemi01,0.3902439024390244,0.391304347826087,6,1,7,0,45,69,19,3,1,0,11,21,0,2,0,0,4,33,10,245,77
Charlie,Morton,P,-31.6298109957,mortoch02,0.05405405405405406,0.027777777777777776,0,0,1,0,23,36,1,0,0,0,1,18,0,0,6,0,0,32,7,235,77
Jon,Moscot,P,-31.6280508157,moscojo01,0.25,0.25,0,0,0,0,3,4,1,0,0,0,0,2,0,0,0,0,0,24,0,210,76
Brandon,Moss,OF,-22.63097318,mossbr01,0.3443708609271523,0.4090909090909091,11,4,8,0,51,132,33,7,1,1,17,42,2,2,0,0,3,32,8,210,72
Daniel,Muno,3B,-30.4393160255,munoda01,0.25806451612903225,0.18518518518518517,2,0,0,1,17,27,4,1,0,0,4,11,0,0,1,0,1,26,0,195,71
Daniel,Murphy,3B,10.2634644812,murphda08,0.3215613382899628,0.44889779559118237,56,14,73,2,130,499,140,38,2,2,31,38,10,2,0,6,15,30,7,215,73
Tom,Murphy,C,-26.8114864563,murphto04,0.3333333333333333,0.5428571428571428,5,3,9,0,11,35,9,1,0,0,4,10,1,0,0,0,0,24,0,220,73
Wil,Myers,OF,-2.93325954333,myerswi01,0.3359683794466403,0.4266666666666667,40,8,29,5,60,225,57,13,1,2,27,55,0,1,0,0,2,25,2,205,75
Chris,Narveson,P,-31.0355694322,narvech01,0.0,0.0,1,0,1,0,15,6,0,0,0,0,0,4,0,0,1,0,0,34,9,205,75
Kristopher,Negron,OF,-28.6558858518,negrokr01,0.23809523809523808,0.16129032258064516,5,0,2,2,43,93,13,2,0,0,9,23,0,3,2,0,2,29,3,190,72
Jimmy,Nelson,P,-31.0345279329,nelsoji02,0.125,0.12727272727272726,1,0,2,0,30,55,6,1,0,0,1,34,0,0,3,0,0,26,2,245,78
Hector,Neris,P,-31.6301082871,nerishe01,0.0,0.0,0,0,0,0,32,1,0,0,0,0,0,1,0,0,0,0,0,26,1,215,74
Juan,Nicasio,P,-31.6301082871,nicasju01,0.0,0.0,0,0,0,0,54,1,0,0,0,0,0,0,0,0,0,0,0,29,4,250,76
Justin,Nicolino,P,-31.6297790916,nicolju01,0.04,0.04,0,0,0,0,13,25,1,0,0,0,0,8,0,0,2,0,0,24,0,190,75
Jonathon,Niese,P,-28.6556920052,niesejo01,0.24561403508771928,0.19230769230769232,5,0,4,0,33,52,9,1,0,0,5,18,0,0,3,0,0,29,7,220,75
Kirk,Nieuwenhuis,OF,-29.8454260395,nieuwki01,0.125,0.13157894736842105,3,0,2,2,27,38,3,2,0,0,2,17,0,0,0,0,0,28,3,225,75
Kirk,Nieuwenhuis,OF,-20.8464653606,nieuwki01,0.36363636363636365,0.5588235294117647,14,4,11,0,37,68,19,7,0,1,6,23,0,3,0,0,2,28,3,225,75
Wil,Nieves,1B,-30.4194654957,nievewi01,0.14285714285714285,0.3076923076923077,1,1,4,0,6,13,1,0,0,0,1,4,0,0,0,0,0,38,13,190,71
Aaron,Nola,P,-31.6292932032,nolaaa01,0.125,0.08695652173913043,0,0,1,0,13,23,2,0,0,0,1,16,0,0,2,0,0,22,0,195,73
Nick,Noonan,SS,-29.8250607685,noonani01,0.16666666666666666,0.2727272727272727,2,1,3,0,14,22,2,1,0,0,2,8,0,0,0,0,1,26,2,175,73
Derek,Norris,1B,15.6140186252,norride01,0.3052064631956912,0.40388349514563104,65,14,62,4,147,515,129,33,2,1,35,131,1,6,0,1,5,26,3,210,72
Vidal,Nuno,P,-31.6301082871,nunovi01,0.0,0.0,0,0,0,0,3,5,0,0,0,0,0,0,0,0,0,0,0,28,2,210,71
Peter,O'Brien,OF,-30.4157671665,obriepe04,0.5,0.8,1,1,3,0,8,10,4,1,0,0,2,5,0,0,0,0,0,25,0,235,76
Hector,Olivera,3B,-28.0208617755,olivehe01,0.3103448275862069,0.4050632911392405,4,2,11,0,24,79,20,4,1,0,5,12,0,2,0,1,2,30,0,220,74
Mike,Olt,3B,-30.4192048042,oltmi01,0.1875,0.3333333333333333,1,1,1,0,6,15,2,0,0,0,0,6,0,1,0,0,0,27,3,210,74
Josh,Osich,P,-31.6301082871,osichjo01,0.0,0.0,0,0,0,0,35,1,0,0,0,0,0,1,0,0,2,0,0,27,0,230,74
Sean,O'Sullivan,P,-30.4398147652,osullse01,0.14285714285714285,0.15,2,0,0,0,13,20,2,1,0,0,1,10,0,0,2,0,0,28,6,255,73
Chris,Owings,SS,5.90619510008,owingch01,0.26422018348623855,0.32233009708737864,59,4,43,16,147,515,117,27,5,4,26,144,3,1,7,3,9,24,2,190,70
Marcell,Ozuna,OF,2.45620083402,ozunama01,0.3076923076923077,0.38344226579520696,47,10,44,2,123,459,119,27,0,3,30,110,1,3,0,2,10,25,2,225,73
Jordan,Pacheco,3B,-25.6430491012,pachejo01,0.3333333333333333,0.3333333333333333,8,2,8,1,29,66,16,0,0,0,9,14,0,1,0,2,6,29,4,200,73
Angel,Pagan,OF,2.91419322566,paganan01,0.3030852994555354,0.33203125,55,3,37,12,133,512,134,21,3,4,32,93,0,1,0,6,12,34,9,200,74
Joe,Panik,2B,8.36324949131,panikjo01,0.3776223776223776,0.45549738219895286,59,8,37,3,100,382,119,27,2,2,38,42,0,5,3,4,7,25,1,190,73
Jarrett,Parker,OF,-21.4008601623,parkeja03,0.4074074074074074,0.7551020408163265,11,6,14,1,21,49,17,2,0,1,5,21,0,0,0,0,1,26,0,210,76
Kyle,Parker,OF,-23.8403803277,parkeky01,0.22321428571428573,0.3113207547169811,10,3,11,1,46,106,19,3,1,0,6,37,0,0,0,0,2,26,1,205,72
Gerardo,Parra,OF,5.41034078435,parrage01,0.36857142857142855,0.5170278637770898,53,9,31,9,100,323,106,24,5,3,20,57,2,3,1,4,7,28,6,210,71
Ben,Paulsen,OF,0.0979949498642,paulsbe01,0.32577903682719545,0.46153846153846156,42,11,49,1,116,325,90,19,4,2,23,92,0,2,1,3,5,28,1,210,76
Jake,Peavy,P,-28.0409743236,peavyja01,0.21621621621621623,0.3333333333333333,5,1,3,0,19,36,7,2,0,0,1,17,0,0,4,0,0,34,13,195,73
Joc,Pederson,OF,24.1713063302,pederjo01,0.346483704974271,0.4166666666666667,67,26,54,4,151,480,101,19,1,7,92,170,6,9,2,2,5,23,1,215,73
Ariel,Pena,P,-31.6301082871,penaar01,0.0,0.0,0,0,0,0,6,7,0,0,0,0,0,6,0,0,0,0,0,26,0,250,75
Brayan,Pena,1B,-21.5202526666,penabr01,0.33424657534246577,0.32432432432432434,17,0,18,2,108,333,91,17,0,0,29,34,1,2,2,1,10,33,10,240,69
Hunter,Pence,OF,-8.26437832996,pencehu01,0.3273542600896861,0.4782608695652174,30,9,40,4,52,207,57,13,1,1,16,48,0,0,0,0,8,32,8,220,76
Cliff,Pennington,OF,-22.0956220953,pennicl01,0.3137254901960784,0.2814814814814815,15,1,10,3,72,135,32,3,0,0,16,29,2,0,4,2,4,31,7,195,70
David,Peralta,OF,15.0787050842,peralda01,0.3713733075435203,0.5216450216450217,61,17,78,9,149,462,144,26,10,4,44,107,2,4,0,7,7,28,1,215,73
Jhonny,Peralta,SS,16.8616038584,peraljh01,0.334375,0.4110535405872193,64,17,71,1,155,579,159,26,1,4,50,111,6,5,0,6,23,33,12,215,74
Joel,Peralta,P,-31.6301082871,peraljo01,0.0,0.0,0,0,0,0,33,1,0,0,0,0,0,1,0,0,0,0,0,39,10,210,70
Wily,Peralta,P,-31.0350653967,peralwi01,0.12121212121212122,0.03333333333333333,1,0,1,0,20,30,1,0,0,0,3,15,0,0,4,0,0,26,3,245,73
Jose,Peraza,OF,-29.8440513427,perazjo01,0.25,0.3181818181818182,3,0,1,3,7,22,4,1,1,0,2,2,1,0,1,0,0,21,0,180,72
Eury,Perez,OF,-25.6821561872,perezeu01,0.33076923076923076,0.3025210084033613,10,0,5,3,47,119,32,4,0,1,7,23,1,4,3,0,3,25,3,190,72
Hernan,Perez,SS,-23.2843154754,perezhe01,0.28085106382978725,0.3652173913043478,13,1,21,4,90,230,62,15,2,1,4,48,1,0,3,1,4,24,3,185,73
Juan,Perez,OF,-28.6546138477,perezju02,0.3,0.358974358974359,5,0,2,1,22,39,11,3,0,0,1,6,0,0,0,0,1,29,2,185,71
Williams,Perez,P,-30.4402809158,perezwi01,0.13333333333333333,0.07142857142857142,2,0,0,0,23,28,2,0,0,0,2,13,0,0,4,0,0,24,0,230,73
Jace,Peterson,2B,4.75624613019,peterja01,0.3135593220338983,0.3352272727272727,55,6,52,12,152,528,126,23,5,10,56,120,4,3,7,3,5,25,1,210,72
Shane,Peterson,OF,-17.3194169207,petersh01,0.32432432432432434,0.35323383084577115,22,2,16,0,93,201,52,7,3,1,20,55,1,0,3,1,3,27,2,210,72
Yusmeiro,Petit,P,-31.0355694322,petityu01,0.0,0.0,1,0,0,0,42,9,0,0,0,0,0,3,0,0,1,0,0,31,9,250,73
Tommy,Pham,OF,-11.9094216434,phamth01,0.3468208092485549,0.477124183006536,28,5,18,2,52,153,41,7,5,0,19,41,1,0,0,1,1,27,1,175,73
David,Phelps,P,-31.6290741687,phelpda01,0.14285714285714285,0.11764705882352941,0,0,0,0,23,34,4,0,0,0,0,16,0,1,5,0,0,29,3,200,74
Brandon,Phillips,SS,16.7641761326,phillbr01,0.3279742765273312,0.3945578231292517,69,12,70,23,148,588,173,19,2,3,27,68,1,4,1,3,13,34,13,210,72
A. J.,Pierzynski,C,-3.50830704578,pierzaj01,0.3394495412844037,0.42997542997543,38,9,49,0,113,407,122,24,1,2,19,37,2,7,0,3,19,39,17,235,75
Stephen,Piscotty,OF,-10.0867526054,piscost01,0.359375,0.49356223175965663,29,7,39,2,63,233,71,15,4,1,20,56,2,1,0,2,7,24,0,210,75
Kevin,Plawecki,C,-19.0840059199,plaweke01,0.2801556420233463,0.296137339055794,18,3,21,0,73,233,51,9,0,0,17,60,4,4,1,3,4,24,0,225,74
Gregory,Polanco,OF,23.2456148882,polangr01,0.3195084485407066,0.3811129848229342,83,9,52,27,153,593,152,35,6,10,55,121,6,1,1,2,5,24,1,230,77
A. J.,Pollock,OF,46.6475086179,polloaj01,0.36701337295690933,0.4975369458128079,111,20,76,39,157,609,192,39,6,7,53,89,0,2,0,9,19,28,3,195,73
Buster,Posey,1B,24.0354467731,poseybu01,0.37881219903691815,0.4703770197486535,74,19,95,2,150,557,177,28,0,0,56,52,10,3,0,7,17,28,6,215,73
Martin,Prado,3B,4.81503157097,pradoma01,0.3381818181818182,0.394,52,9,63,1,129,500,144,22,2,0,37,68,4,5,1,8,9,32,9,190,73
Yasiel,Puig,OF,-7.03662484783,puigya01,0.3215434083601286,0.43617021276595747,30,11,38,3,79,282,72,12,3,3,26,66,1,2,0,1,1,25,2,255,74
Aramis,Ramirez,3B,-10.0094233308,ramirar01,0.2947019867549669,0.43010752688172044,25,11,42,1,81,279,69,18,0,0,16,42,3,4,0,3,12,37,17,205,73
Aramis,Ramirez,3B,-17.2412911245,ramirar01,0.29906542056074764,0.413265306122449,18,6,33,0,56,196,48,13,1,0,15,26,0,1,0,2,11,37,17,205,73
Wilson,Ramos,C,1.95870680319,ramoswi01,0.25793650793650796,0.35789473684210527,41,15,68,0,128,475,109,16,0,0,21,101,2,0,0,8,16,28,5,230,72
Robbie,Ray,P,-31.6291306856,rayro02,0.0967741935483871,0.12903225806451613,0,0,0,0,23,31,3,1,0,0,0,14,0,0,5,0,0,24,1,195,74
Colin,Rea,P,-30.438374412,reaco01,0.3,0.3333333333333333,2,0,0,0,7,9,2,1,0,0,1,4,0,0,2,0,0,25,0,220,77
J. T.,Realmuto,C,3.64535761082,realmjt01,0.28969957081545067,0.40589569160997735,49,10,47,8,126,441,114,21,7,4,19,70,2,2,1,4,11,24,1,205,73
Anthony,Recker,3B,-26.8330516462,reckean01,0.2391304347826087,0.2125,6,2,5,1,32,80,10,1,0,0,11,35,2,1,0,0,1,32,4,240,74
Addison,Reed,P,-31.6301082871,reedad01,0.0,0.0,0,0,0,0,38,2,0,0,0,0,0,0,0,0,0,0,0,27,4,230,76
Michael,Reed,OF,-30.4373512838,reedmi02,0.3333333333333333,0.5,2,0,0,0,7,6,2,1,0,0,0,3,0,0,0,0,0,23,0,190,72
Anthony,Rendon,3B,-2.99198606535,rendoan01,0.3436619718309859,0.3633440514469453,43,5,25,1,80,311,82,16,0,2,36,70,0,4,0,4,8,25,2,210,73
Ben,Revere,OF,-1.88072615686,reverbe01,0.33419689119170987,0.3743169398907104,49,1,26,24,96,366,109,13,6,5,19,36,0,1,2,0,4,27,5,170,69
Jose,Reyes,SS,-17.2999590676,reyesjo01,0.29064039408866993,0.36787564766839376,21,3,19,8,47,193,50,8,2,4,9,24,0,0,5,1,3,32,12,195,72
Mark,Reynolds,OF,-2.83615800234,reynoma01,0.3148148148148148,0.39790575916230364,35,13,48,2,140,382,88,21,2,3,44,121,2,4,0,2,10,32,8,220,74
Clayton,Richard,P,-31.0334420845,richacl01,0.2,0.2857142857142857,1,0,3,0,23,14,2,2,0,0,1,6,0,0,0,0,0,32,7,245,77
Andre,Rienzo,P,-31.6301082871,rienzan01,0.0,0.0,0,0,0,0,14,2,0,0,0,0,0,0,0,0,0,0,0,27,2,190,75
Yadiel,Rivera,SS,-31.6295204381,riverya01,0.07142857142857142,0.07142857142857142,0,0,0,0,7,14,1,0,0,0,0,4,0,0,1,0,0,23,0,180,75
Anthony,Rizzo,1B,43.2945079606,rizzoan01,0.38659058487874465,0.5119453924914675,94,31,101,17,160,586,163,38,3,6,78,105,9,30,0,7,9,26,4,240,75
Donn,Roach,P,-31.6218784015,roachdo01,1.0,1.0,0,0,1,0,1,1,1,0,0,0,0,0,0,0,0,0,0,26,1,195,72
Tanner,Roark,P,-31.0336293801,roarkta01,0.18518518518518517,0.25925925925925924,1,0,0,0,40,27,5,2,0,0,0,9,0,0,2,0,0,29,2,235,74
Clint,Robinson,OF,0.672943130702,robincl01,0.35795454545454547,0.42394822006472493,44,10,34,0,126,309,84,15,1,0,37,52,4,5,0,1,6,30,3,245,77
Sean,Rodriguez,OF,-14.3078619144,rodrise01,0.28085106382978725,0.36160714285714285,25,4,17,2,139,224,55,12,1,2,5,63,0,6,5,0,9,30,7,200,72
Jason,Rogers,OF,-16.0908089632,rogerja02,0.3668639053254438,0.4407894736842105,22,4,16,0,86,152,45,6,2,0,15,34,0,2,0,0,2,27,1,255,73
Miguel,Rojas,SS,-23.2841840322,rojasmi02,0.32903225806451614,0.36619718309859156,13,1,17,0,60,142,40,7,1,1,11,16,1,0,2,2,4,26,1,150,72
Jimmy,Rollins,SS,18.5669370047,rolliji01,0.2846975088967972,0.3578336557059961,71,13,41,12,144,517,116,24,3,8,44,86,0,0,1,1,12,37,15,175,67
Jamie,Romak,OF,-30.4374295712,romakja01,0.375,0.4666666666666667,2,0,1,0,12,15,5,2,0,0,1,6,0,0,0,0,0,30,1,226,75
Sergio,Romo,P,-31.6301082871,romose01,0.0,0.0,0,0,0,0,70,2,0,0,0,0,0,1,0,0,0,0,0,32,7,185,71
Wilin,Rosario,1B,-14.8631343379,rosarwi01,0.2946058091286307,0.4155844155844156,22,6,29,2,87,231,62,14,1,1,8,56,2,1,1,1,8,26,4,220,71
Trevor,Rosenthal,P,-31.6301082871,rosentr01,0.0,0.0,0,0,0,0,68,1,0,0,0,0,0,1,0,0,0,0,0,25,3,220,74
David,Ross,C,-27.4467627655,rossda01,0.26666666666666666,0.25157232704402516,6,1,9,1,72,159,28,9,0,0,20,61,7,0,2,1,1,38,13,230,74
Joe,Ross,P,-30.4400331648,rossjo01,0.14285714285714285,0.1111111111111111,2,0,0,0,17,27,3,0,0,0,0,11,0,1,2,0,1,22,0,205,76
Tyson,Ross,P,-27.4461263175,rossty01,0.2833333333333333,0.35714285714285715,6,1,6,0,34,56,14,1,1,0,2,19,0,1,8,1,1,28,5,230,77
Darin,Ruf,OF,-6.42280301609,rufda01,0.2996632996632997,0.4141791044776119,30,12,39,1,106,268,63,12,0,0,21,69,0,5,0,3,7,29,3,250,75
Justin,Ruggiano,OF,-22.0352453588,ruggiju01,0.35,0.6181818181818182,12,4,12,2,21,55,16,4,1,0,3,14,0,2,0,0,1,33,8,210,73
Carlos,Ruiz,C,-16.7253492228,ruizca01,0.2902208201892745,0.2852112676056338,23,2,22,1,86,284,60,13,1,1,28,43,2,4,3,1,13,36,9,205,70
Cameron,Rupp,C,-11.8322654497,ruppca01,0.3010033444816054,0.37407407407407406,24,9,28,0,81,270,63,9,1,1,24,71,5,3,0,2,8,27,2,260,74
Chris,Rusin,P,-28.0412561211,rusinch01,0.21739130434782608,0.2826086956521739,5,1,4,0,27,46,10,0,0,0,0,7,0,0,4,0,0,29,3,195,74
Addison,Russell,SS,12.0272443158,russead02,0.3065134099616858,0.3894736842105263,60,13,54,4,142,475,115,29,1,3,42,149,2,3,1,2,8,21,0,200,72
James,Russell,P,-31.6301082871,russeja02,0.0,0.0,0,0,0,0,49,1,0,0,0,0,0,1,0,0,0,0,0,29,5,205,76
Casey,Sadler,P,-31.6301082871,sadleca02,0.0,0.0,0,0,0,0,1,1,0,0,0,0,0,0,0,0,1,0,0,25,1,225,76
Jarrod,Saltalamacchia,1B,-29.2308520139,saltaja01,0.18181818181818182,0.20689655172413793,3,1,1,0,9,29,2,1,0,0,4,12,0,0,0,0,2,30,8,235,76
Jarrod,Saltalamacchia,1B,-13.0401674282,saltaja01,0.3316062176165803,0.47368421052631576,23,8,23,0,70,171,43,14,0,0,19,57,0,2,1,1,3,30,8,235,76
Keyvius,Sampson,P,-31.0355694322,sampske01,0.0,0.0,1,0,0,0,13,16,0,0,0,0,0,11,0,0,1,0,1,24,0,225,74
Hector,Sanchez,C,-28.0411658268,sanchhe01,0.20689655172413793,0.30357142857142855,5,1,5,0,28,56,10,4,0,0,2,14,0,0,1,0,1,26,4,235,72
Tony,Sanchez,C,-30.4377628497,sanchto01,0.4444444444444444,0.375,2,0,0,0,3,8,3,0,0,0,1,3,0,0,0,0,0,27,2,220,71
Domingo,Santana,OF,-19.6192807501,santado01,0.3448275862068966,0.4214876033057851,14,6,18,2,38,121,28,5,0,0,18,46,0,4,0,2,1,23,1,225,77
Luis,Sardinas,SS,-26.871953275,sardilu01,0.2403846153846154,0.21649484536082475,8,0,4,0,36,97,19,0,1,0,6,25,1,0,1,1,3,22,1,150,73
Logan,Schafer,OF,-20.906413725,schaflo01,0.29927007299270075,0.3114754098360656,17,1,6,1,69,122,27,6,1,0,12,29,0,2,6,1,3,29,4,190,73
Scott,Schebler,OF,-26.2172100691,schebsc01,0.325,0.5,6,3,4,2,19,36,9,0,0,1,3,13,1,1,0,0,0,25,0,225,72
Max,Scherzer,P,-29.2501061379,scherma01,0.23943661971830985,0.21739130434782608,4,0,0,0,34,69,15,0,0,0,2,23,0,0,6,0,0,31,7,215,75
Skip,Schumaker,OF,-17.3390249844,schumsk01,0.30597014925373134,0.3360655737704918,23,1,21,2,131,244,59,20,0,2,23,51,2,0,0,1,7,35,10,190,70
Kyle,Schwarber,OF,9.11361670145,schwaky01,0.3553113553113553,0.4870689655172414,52,16,43,3,69,232,57,6,1,3,36,77,1,4,0,1,4,22,0,235,72
Xavier,Scruggs,1B,-28.6549462709,scrugxa01,0.27906976744186046,0.30952380952380953,5,0,7,1,17,42,11,2,0,0,0,10,0,1,0,0,2,28,1,220,73
Corey,Seager,SS,-19.0626754923,seageco01,0.4247787610619469,0.5612244897959183,17,4,17,2,27,98,33,8,1,0,14,19,1,1,0,0,2,21,0,215,76
Jean,Segura,SS,5.94524029408,segurje01,0.28055077452667815,0.3357142857142857,57,6,50,25,142,560,144,16,5,6,13,93,2,6,3,2,14,25,3,205,70
Pedro,Severino,C,-31.0321079633,severpe01,0.25,0.5,1,0,0,0,2,4,1,1,0,0,0,1,0,0,0,0,0,22,0,200,74
James,Shields,P,-27.4670490086,shielja02,0.14492753623188406,0.16176470588235295,7,0,2,0,36,68,9,2,0,0,1,28,0,0,5,0,0,34,9,215,75
Andrelton,Simmons,SS,6.50097295744,simmoan01,0.32130584192439865,0.3383177570093458,60,4,44,5,147,535,142,23,2,3,39,48,6,6,1,2,19,26,3,195,74
Grady,Sizemore,OF,-29.2495369847,sizemgr01,0.28846153846153844,0.29591836734693877,4,0,6,0,39,98,24,5,0,0,6,23,0,0,0,0,2,33,11,205,74
Josh,Smith,P,-31.032492571,smithjo07,0.2222222222222222,0.4444444444444444,1,0,0,0,10,9,2,0,1,0,0,4,0,0,1,0,0,28,0,220,74
Travis,Snider,OF,-30.4184698359,snidetr01,0.27586206896551724,0.4230769230769231,1,1,8,0,18,26,5,3,0,0,3,10,1,0,0,0,0,27,7,235,72
Miguel,Socolovich,P,-31.6301082871,socolmi01,0.0,0.0,0,0,0,0,28,1,0,0,0,0,0,0,0,0,0,0,0,29,3,195,73
Donovan,Solano,SS,-28.0609402322,solando01,0.21505376344086022,0.24444444444444444,6,0,7,0,55,90,17,3,1,0,1,18,0,2,1,0,4,28,3,205,69
Jhonatan,Solano,C,-31.0347588908,solanjh01,0.09523809523809523,0.1,1,0,2,0,7,20,1,1,0,0,1,1,0,0,0,0,0,30,3,212,69
Yangervis,Solarte,3B,14.4251132881,solarya01,0.31985940246045697,0.42775665399239543,63,14,63,1,152,526,142,33,4,0,34,56,0,6,2,3,15,28,1,195,71
Jorge,Soler,OF,-2.29997985503,solerjo01,0.32425742574257427,0.3989071038251366,39,10,47,3,101,366,96,18,1,1,32,121,5,3,0,3,9,23,1,215,76
Sammy,Solis,P,-31.6259933443,solissa01,0.5,0.5,0,0,0,0,18,2,1,0,0,0,0,0,0,0,0,0,0,27,0,230,77
Denard,Span,OF,-5.96424529812,spande01,0.36496350364963503,0.43089430894308944,38,5,22,11,61,246,74,17,0,0,25,26,0,1,1,2,5,31,7,210,72
Cory,Spangenberg,OF,-6.57850771104,spangco01,0.3333333333333333,0.39933993399339934,38,4,21,9,108,303,82,17,5,4,28,75,1,2,8,3,4,24,1,195,72
Cody,Stanley,C,-30.4371770241,stanlco01,0.4,0.5,2,0,3,0,9,10,4,1,0,0,0,3,0,0,0,0,0,27,0,190,70
Giancarlo,Stanton,OF,12.8955920689,stantmi03,0.34591194968553457,0.6057347670250897,47,27,67,4,74,279,74,12,1,2,34,95,6,2,0,3,5,26,5,240,78
Chris,Stewart,C,-26.2765160667,stewach01,0.31952662721893493,0.33962264150943394,9,0,15,0,58,159,46,8,0,0,6,29,0,2,3,2,3,33,9,210,76
Stephen,Strasburg,P,-31.0343730544,strasst01,0.175,0.13157894736842105,1,0,0,0,23,38,5,0,0,0,2,17,0,0,6,0,0,27,5,230,76
Hunter,Strickland,P,-31.6301082871,strichu01,0.0,0.0,0,0,0,0,55,1,0,0,0,0,0,1,0,0,0,0,0,27,1,220,76
Drew,Stubbs,OF,-20.2333822783,stubbdr01,0.2857142857142857,0.43137254901960786,14,5,10,2,51,102,22,3,2,1,9,50,1,1,2,0,1,31,6,205,76
Eric,Stults,P,-31.6294752189,stulter01,0.07692307692307693,0.07692307692307693,0,0,0,0,9,13,1,0,0,0,0,7,0,0,3,0,0,36,9,220,74
Eugenio,Suarez,SS,1.32588516128,suareeu01,0.3147208121827411,0.44623655913978494,42,13,48,4,97,372,104,19,2,1,17,94,0,3,4,2,7,24,1,180,71
Andrew,Susac,C,-21.4617105882,susacan01,0.2972972972972973,0.3684210526315789,14,3,14,0,52,133,29,7,2,0,14,43,0,1,0,0,2,25,1,215,73
Ichiro,Suzuki,OF,-4.25955454505,suzukic01,0.2817551963048499,0.27889447236180903,45,1,21,11,153,398,91,5,6,5,31,51,1,0,5,4,8,42,14,170,71
Darnell,Sweeney,OF,-24.4345220742,sweenda02,0.2857142857142857,0.35294117647058826,9,3,11,0,37,85,15,4,1,2,13,27,0,0,0,0,1,24,0,195,73
Nick,Swisher,OF,-24.4149713871,swishni01,0.348993288590604,0.3389830508474576,8,4,17,0,46,118,23,5,0,0,27,30,0,2,0,2,7,35,11,195,72
Noah,Syndergaard,P,-29.8247361268,syndeno01,0.22727272727272727,0.3023255813953488,2,1,4,0,24,43,9,1,0,0,1,26,0,0,6,0,0,23,0,240,78
Matt,Szczur,OF,-28.0408115699,szczuma01,0.27848101265822783,0.3333333333333333,5,1,8,2,47,72,16,5,0,0,6,15,0,0,1,1,1,26,1,200,72
Jose,Tabata,OF,-30.4385123463,tabatjo01,0.34146341463414637,0.2894736842105263,2,0,4,0,27,38,11,0,0,1,2,7,0,1,0,0,3,27,5,210,71
Travis,Tartamella,C,-31.6259933443,tartatr01,0.5,0.5,0,0,0,0,3,2,1,0,0,0,0,0,0,0,0,0,0,28,0,205,72
Michael,Taylor,OF,6.10107981493,taylomi02,0.2823529411764706,0.3580508474576271,49,14,63,16,138,472,108,15,2,3,35,158,9,1,1,2,5,24,1,210,75
Taylor,Teagarden,C,-31.6284623099,teagata01,0.2,0.2,0,0,2,0,8,15,3,0,0,0,0,4,0,0,0,0,1,32,7,210,72
Julio,Teheran,P,-31.6292294497,teherju01,0.12962962962962962,0.09615384615384616,0,0,2,0,33,52,5,0,0,0,2,9,0,0,14,0,0,24,4,200,74
Ruben,Tejada,SS,-8.38185213111,tejadru01,0.33827160493827163,0.35,36,3,28,2,116,360,94,23,0,1,38,70,5,5,2,2,6,26,5,200,71
Tomas,Telis,C,-31.0341966277,telisto01,0.20689655172413793,0.14814814814814814,1,0,0,0,17,27,4,0,0,0,1,3,1,1,0,0,2,24,1,215,68
Joey,Terdoslavich,OF,-28.0406409409,terdojo01,0.2542372881355932,0.375,5,1,4,0,28,56,12,4,1,0,3,14,1,0,0,0,1,27,2,200,74
Ian,Thomas,P,-31.0349159583,thomaia01,0.25,0.0,1,0,0,0,9,3,0,0,0,0,1,1,0,0,0,0,1,28,1,215,76
Tyler,Thornburg,P,-31.6301082871,thornty01,0.0,0.0,0,0,0,0,24,3,0,0,0,0,0,1,0,0,0,0,0,27,3,190,71
Yasmany,Tomas,OF,-2.31947899627,tomasya01,0.3051643192488263,0.4014778325123153,40,9,48,5,118,406,111,19,3,2,17,110,0,2,0,1,16,25,0,255,74
Kelby,Tomlinson,SS,-16.7245034355,tomlike01,0.35751295336787564,0.4044943820224719,23,2,20,5,54,178,54,6,3,4,14,40,0,1,0,0,3,25,0,180,75
Alex,Torres,P,-31.6301082871,torreal01,0.0,0.0,0,0,0,0,39,1,0,0,0,0,0,0,0,0,0,0,0,28,4,185,70
Carlos,Torres,P,-31.0273395466,torreca01,1.0,1.0,1,0,0,0,59,1,1,0,0,0,0,0,0,0,0,0,0,33,6,180,73
Ronald,Torreyes,3B,-31.0316411962,torrero01,0.42857142857142855,0.5,1,0,1,0,8,6,2,1,0,0,1,1,0,0,1,0,0,23,0,150,70
Blake,Treinen,P,-31.6301082871,treinbl01,0.0,0.0,0,0,0,0,60,2,0,0,0,0,0,1,0,0,2,0,0,27,1,230,77
Mark,Trumbo,OF,-12.4260702938,trumbma01,0.29891304347826086,0.5057471264367817,23,9,23,0,46,174,45,10,3,0,10,39,0,0,0,0,4,29,5,225,76
Chin-hui,Tsao,P,-31.0217235567,tsaoch01,1.0,2.0,1,0,0,0,5,1,1,1,0,0,0,0,0,0,0,0,0,34,12,170,74
Troy,Tulowitzki,SS,3.09026069978,tulowtr01,0.3475783475783476,0.47058823529411764,46,12,53,0,87,323,97,19,0,0,24,72,4,1,0,3,13,31,9,215,75
Justin,Turner,SS,10.8972928687,turneju01,0.3698630136986301,0.4909090909090909,55,16,60,5,126,385,113,26,1,2,36,71,1,13,1,4,10,31,6,205,71
Trea,Turner,SS,-28.0408140028,turnetr01,0.29545454545454547,0.325,5,1,1,2,27,40,9,1,0,2,4,12,0,0,0,0,0,22,0,175,73
Dan,Uggla,2B,-23.2651735727,ugglada01,0.2978723404255319,0.3,12,2,16,0,67,120,22,4,2,1,19,40,0,1,0,1,3,35,9,210,71
Melvin,Upton,OF,-14.882435352,uptonbj01,0.3274336283185841,0.4292682926829268,23,5,17,9,87,205,53,12,4,3,21,62,2,0,2,0,1,31,11,185,75
Justin,Upton,OF,34.8731873411,uptonju01,0.3360258481421648,0.45387453874538747,85,26,81,19,150,542,136,26,3,5,68,159,5,4,0,5,10,28,8,205,74
Jose,Urena,P,-31.6294752189,urenajo01,0.07692307692307693,0.07692307692307693,0,0,0,0,20,13,1,0,0,0,0,9,0,0,0,0,0,24,0,175,75
Juan,Uribe,3B,-27.4463881823,uribeju01,0.28735632183908044,0.30864197530864196,6,1,6,1,29,81,20,2,0,0,5,9,0,0,0,1,5,36,14,245,72
Juan,Uribe,3B,-17.2214031619,uribeju01,0.3532934131736527,0.46357615894039733,17,7,17,1,46,151,43,6,0,0,15,37,2,1,0,0,5,36,14,245,72
Juan,Uribe,3B,-17.8357334817,uribeju01,0.3006993006993007,0.4296875,17,6,20,0,44,128,28,9,0,0,14,34,1,1,0,0,2,36,14,245,72
Chase,Utley,3B,-14.8830884684,utleych01,0.28368794326241137,0.3333333333333333,23,5,30,3,73,249,54,12,1,0,22,35,4,4,0,7,6,37,12,190,73
Chase,Utley,3B,-21.4617586115,utleych01,0.2907801418439716,0.3629032258064516,14,3,9,1,34,124,25,9,1,0,10,29,0,6,0,1,1,37,12,190,73
Jordany,Valdespin,OF,-31.6301082871,valdejo02,0.0,0.0,0,0,0,0,2,4,0,0,0,0,0,1,0,0,0,0,0,28,3,190,72
Scott,Van Slyke,OF,-16.6468748147,vanslsc01,0.31746031746031744,0.38288288288288286,19,6,30,3,96,222,53,14,0,1,23,62,2,4,1,3,5,29,3,220,76
Will,Venable,OF,-7.72881701207,venabwi01,0.3181818181818182,0.37809187279151946,34,6,30,11,98,283,73,10,3,1,25,73,1,0,0,0,8,33,7,205,75
Logan,Verrett,P,-31.6301082871,verrelo01,0.0,0.0,0,0,0,0,14,7,0,0,0,0,0,2,0,0,1,0,0,25,0,190,74
Carlos,Villanueva,P,-31.6301082871,villaca01,0.0,0.0,0,0,0,0,35,8,0,0,0,0,0,5,0,0,3,0,0,32,9,215,74
Pedro,Villarreal,P,-31.6278006412,villape01,0.16666666666666666,0.3333333333333333,0,0,2,0,29,6,1,1,0,0,0,3,0,0,0,0,0,28,3,235,73
Ryan,Vogelsong,P,-29.2306613241,vogelry01,0.16216216216216217,0.25,3,1,2,0,33,36,5,1,0,0,1,13,0,0,8,0,0,38,15,215,76
Joey,Votto,1B,42.6613957831,vottojo01,0.4589928057553957,0.5412844036697247,95,29,80,11,158,545,171,33,2,3,143,135,15,5,0,2,11,32,8,220,74
Michael,Wacha,P,-28.655881894,wachami01,0.21428571428571427,0.17307692307692307,5,0,4,1,30,52,8,1,0,0,4,20,0,0,6,0,0,24,2,210,78
Tsuyoshi,Wada,P,-31.0352789993,wadats01,0.1111111111111111,0.0,1,0,0,0,8,8,0,0,0,0,1,5,0,0,0,0,0,34,1,180,71
Tyler,Wagner,P,-31.6301082871,wagnety01,0.0,0.0,0,0,0,0,3,3,0,0,0,0,0,2,0,0,0,0,0,24,0,195,75
Adam,Wainwright,P,-31.6301082871,wainwad01,0.0,0.0,0,0,0,0,7,10,0,0,0,0,0,2,0,0,0,0,0,34,10,235,79
?,?,?,-31.6301082871,waldrky02,0.0,0.0,0,0,0,0,1,1,0,0,0,0,0,1,0,0,0,0,0,24,0,215,74
Neil,Walker,2B,19.2203708723,walkene01,0.3283582089552239,0.427255985267035,69,16,71,4,151,543,146,32,3,1,44,110,5,8,0,8,9,30,6,210,75
Brett,Wallace,3B,-20.2326495375,wallabr01,0.37383177570093457,0.5208333333333334,14,5,16,0,64,96,29,6,0,0,10,31,1,1,0,0,1,29,5,235,74
Ryan,Weber,P,-31.6301082871,weberry01,0.0,0.0,0,0,0,0,5,10,0,0,0,0,0,8,0,0,0,0,0,25,0,180,72
Allen,Webster,P,-31.0355694322,webstal01,0.0,0.0,1,0,0,0,9,11,0,0,0,0,0,6,0,0,0,0,0,25,2,190,74
Jayson,Werth,OF,6.06234671511,werthja01,0.30158730158730157,0.38368580060422963,51,12,42,0,88,331,73,16,1,1,38,84,0,3,0,6,8,36,13,240,77
Joe,Wieland,P,-31.6301082871,wielajo01,0.0,0.0,0,0,0,0,2,1,0,0,0,0,0,1,0,0,1,0,0,25,3,205,74
Jackson,Williams,C,-31.0327643942,willija01,0.42857142857142855,0.3,1,0,1,1,7,10,2,1,0,0,4,1,0,0,0,0,0,29,1,200,71
Jerome,Williams,P,-31.6293197515,willije02,0.09375,0.0967741935483871,0,0,1,0,33,31,2,1,0,0,1,14,0,0,4,0,0,34,12,260,75
Mac,Williamson,OF,-30.4388360459,willima08,0.23529411764705882,0.28125,2,0,1,0,10,32,7,0,1,0,0,8,0,1,0,1,1,25,0,240,77
Matt,Wisler,P,-31.6288277525,wislema01,0.1935483870967742,0.13793103448275862,0,0,1,0,21,29,4,0,0,0,2,6,0,0,5,0,0,23,0,195,75
Kolten,Wong,2B,17.3391859736,wongko01,0.32137030995106036,0.3859964093357271,71,11,61,15,150,557,146,28,4,8,36,95,2,15,0,5,10,25,2,185,69
Alex,Wood,P,-31.0339674774,woodal02,0.2222222222222222,0.18181818181818182,1,0,4,0,20,33,5,1,0,0,3,21,0,0,5,0,1,24,2,215,76
Alex,Wood,P,-31.0337248327,woodal02,0.21739130434782608,0.22727272727272727,1,0,0,0,12,22,4,1,0,0,1,13,0,0,3,0,1,24,2,215,76
Travis,Wood,P,-31.6291382669,woodtr01,0.15625,0.1,0,0,2,0,60,30,3,0,0,0,2,16,0,0,0,0,0,28,5,175,71
Rob,Wooten,P,-31.6301082871,wootero01,0.0,0.0,0,0,0,0,4,1,0,0,0,0,0,0,0,0,0,0,0,30,2,200,73
Vance,Worley,P,-31.0337867471,worleva01,0.17647058823529413,0.23529411764705882,1,0,0,0,24,17,3,1,0,0,0,6,0,0,1,0,0,28,5,250,74
David,Wright,3B,-14.2877331412,wrighda03,0.3793103448275862,0.4342105263157895,24,5,17,2,38,152,44,7,0,1,22,36,0,0,0,0,4,33,11,205,72
Christian,Yelich,OF,10.1271492527,yelicch01,0.3657142857142857,0.41596638655462187,63,7,44,16,126,476,143,30,2,5,47,101,2,2,0,0,13,24,2,195,74
Rafael,Ynoa,OF,-23.303938994,ynoara01,0.27692307692307694,0.33858267716535434,14,0,9,1,72,127,33,8,1,0,3,28,0,0,1,0,2,28,1,190,72
Eric,Young,OF,-27.4662063077,younger03,0.2289156626506024,0.2727272727272727,7,0,5,3,35,77,13,4,2,0,6,17,1,0,2,0,1,30,6,195,70
Eric,Young,OF,-26.2789681604,younger03,0.1111111111111111,0.0,9,0,0,3,18,8,0,0,0,2,0,1,0,1,0,0,0,30,6,195,70
Jordan,Zimmermann,P,-29.2505573939,zimmejo02,0.15873015873015872,0.1746031746031746,4,0,3,0,33,63,10,1,0,0,0,18,0,0,6,0,0,29,6,225,74
Ryan,Zimmerman,OF,3.76252038279,zimmery01,0.3076923076923077,0.4653179190751445,43,16,73,1,95,346,86,25,1,0,33,79,0,1,0,10,13,31,10,220,75
